name,id,barcodeType,V0001T8B1,V0002T8B1,V0003T8B1,V0004T8B1,V0005T8B1,V0006T8B1,V0007T8B1,V0008T8B1,V0009T8B1,V0010T8B1,V0011T8B1,V0012T8B1,V0013T8B1,V0014T8B1,V0015T8B1,V0016T8B1,V0017T8B1,V0018T8B1,V0019T8B1,V0154T8B1,V0021T8B1,V0022T8B1,V0023T8B1,V0024T8B1,V0025T8B1,Aux4,Aux5,Aux6,Aux7,Aux8,Aux9
Glra3,ENSMUST00000000275,merfish,0,0,0,0,0,1,0,0,1,0,1,0,0,1,0,0,0,0,0,0,0,0,0,0,0,,,,,,
Cdh4,ENSMUST00000000314,merfish,0,0,1,0,0,0,0,0,0,0,0,0,1,0,0,0,0,1,0,0,0,0,0,1,0,,,,,,
Kat2b,ENSMUST00000000724,merfish,0,0,1,0,0,0,0,1,0,0,0,0,0,0,0,0,0,1,0,0,0,0,1,0,0,,,,,,
Pcbp3,ENSMUST00000001148,merfish,0,0,1,0,0,0,0,0,0,1,0,0,0,1,0,0,0,0,0,0,1,0,0,0,0,,,,,,
Rab3b,ENSMUST00000003502,merfish,1,0,1,0,0,0,0,1,0,0,0,0,0,0,0,0,0,0,0,0,0,1,0,0,0,,,,,,
Crhr2,ENSMUST00000003568,merfish,0,0,1,0,0,0,0,0,1,0,0,0,0,1,0,0,0,0,0,0,0,0,0,1,0,,,,,,
Man1a,ENSMUST00000003843,merfish,0,0,0,0,0,0,0,0,0,0,1,1,0,0,0,0,0,0,0,0,0,1,1,0,0,,,,,,
Dnmt1,ENSMUST00000004202,merfish,0,1,0,0,0,0,1,0,0,0,0,0,0,0,1,0,0,0,0,0,0,0,1,0,0,,,,,,
Sst,ENSMUST00000004480,merfish,0,1,0,0,0,1,0,0,0,0,0,0,0,0,0,1,0,1,0,0,0,0,0,0,0,,,,,,
Ndrg1,ENSMUST00000005256,merfish,0,0,0,0,0,0,0,0,0,0,1,0,0,1,0,0,0,0,0,0,0,1,0,0,1,,,,,,
Igf1r,ENSMUST00000005671,merfish,0,0,0,0,1,0,0,0,0,1,0,1,0,0,0,0,1,0,0,0,0,0,0,0,0,,,,,,
Ctcf,ENSMUST00000005841,merfish,0,0,0,0,0,0,0,0,0,0,0,0,0,0,1,0,0,1,0,1,0,0,1,0,0,,,,,,
Runx1t1,ENSMUST00000006761,merfish,0,0,0,0,0,1,0,1,0,0,0,0,0,1,0,1,0,0,0,0,0,0,0,0,0,,,,,,
Hcn1,ENSMUST00000006991,merfish,0,0,1,0,0,0,0,0,0,0,0,1,0,0,0,0,0,0,0,0,1,0,0,0,1,,,,,,
Gabrb2,ENSMUST00000007797,merfish,1,0,1,0,0,0,0,0,0,0,0,1,0,0,0,0,0,1,0,0,0,0,0,0,0,,,,,,
Cpne8,ENSMUST00000014777,merfish,1,0,0,0,0,1,0,0,0,0,1,0,0,0,0,0,0,0,1,0,0,0,0,0,0,,,,,,
Sash1,ENSMUST00000015449,merfish,0,0,0,0,0,0,0,0,1,0,0,0,0,0,0,0,0,0,0,0,1,1,1,0,0,,,,,,
Rxrg,ENSMUST00000015987,merfish,1,0,0,0,1,0,0,0,0,0,0,0,0,0,0,0,0,0,0,0,1,0,0,0,1,,,,,,
Rnd3,ENSMUST00000017288,merfish,0,0,0,0,1,0,0,0,0,0,0,1,0,0,0,0,0,1,0,0,0,0,0,1,0,,,,,,
Timp2,ENSMUST00000017610,merfish,0,0,0,0,0,0,0,0,0,0,0,0,1,1,0,1,1,0,0,0,0,0,0,0,0,,,,,,
Igfbp4,ENSMUST00000017637,merfish,0,0,0,0,0,1,0,0,0,0,1,0,0,0,1,0,0,0,0,1,0,0,0,0,0,,,,,,
Vip,ENSMUST00000019906,merfish,0,0,0,0,0,0,0,0,0,0,1,0,0,0,0,0,0,0,0,0,0,0,1,1,1,,,,,,
Nr2e1,ENSMUST00000019938,merfish,0,0,0,0,0,0,0,0,0,0,0,0,0,0,0,0,0,1,1,0,1,1,0,0,0,,,,,,
Rev3l,ENSMUST00000019986,merfish,0,0,0,1,0,0,0,0,0,0,0,1,0,0,0,0,0,0,1,0,0,0,1,0,0,,,,,,
Slc17a8,ENSMUST00000020102,merfish,0,0,0,0,0,0,1,0,0,0,0,0,0,0,0,1,0,0,0,1,0,0,0,1,0,,,,,,
Sgk1,ENSMUST00000020145,merfish,0,0,0,0,0,0,0,0,1,0,0,0,0,0,0,0,0,0,1,0,0,1,0,0,1,,,,,,
Timp3,ENSMUST00000020234,merfish,1,0,1,0,0,0,0,0,1,0,1,0,0,0,0,0,0,0,0,0,0,0,0,0,0,,,,,,
Adcy1,ENSMUST00000020706,merfish,0,1,0,0,0,0,1,0,0,0,0,0,1,0,0,0,0,1,0,0,0,0,0,0,0,,,,,,
Ppm1d,ENSMUST00000020835,merfish,0,0,1,0,1,0,1,0,0,0,0,0,0,0,0,0,0,1,0,0,0,0,0,0,0,,,,,,
Rgs9,ENSMUST00000020920,merfish,0,0,0,0,0,0,0,1,0,0,0,0,0,0,0,0,1,0,0,0,1,0,0,0,1,,,,,,
Klhl29,ENSMUST00000020958,merfish,0,0,0,0,0,0,0,1,1,0,0,0,0,0,0,0,0,0,0,0,0,0,1,1,0,,,,,,
Cdca7l,ENSMUST00000021592,merfish,0,0,0,0,0,0,0,1,0,0,1,0,0,0,0,0,1,0,0,1,0,0,0,0,0,,,,,,
Tshz3,ENSMUST00000021641,merfish,0,0,0,0,0,0,0,0,0,1,0,0,0,0,1,0,0,0,1,0,0,0,0,1,0,,,,,,
Ryr2,ENSMUST00000021750,merfish,0,0,0,0,0,0,0,0,0,0,1,1,1,0,0,0,0,0,0,0,0,0,0,0,1,,,,,,
Cxcl14,ENSMUST00000021970,merfish,0,0,0,0,0,0,0,0,0,0,0,0,1,0,0,1,0,0,0,0,0,1,0,0,1,,,,,,
Parp8,ENSMUST00000022239,merfish,0,1,1,0,0,0,0,0,1,1,0,0,0,0,0,0,0,0,0,0,0,0,0,0,0,,,,,,
Ptprg,ENSMUST00000022264,merfish,0,0,0,0,0,0,0,1,1,0,1,1,0,0,0,0,0,0,0,0,0,0,0,0,0,,,,,,
Thrb,ENSMUST00000022304,merfish,1,0,0,0,0,0,1,0,0,0,0,1,0,0,0,0,0,0,0,0,0,1,0,0,0,,,,,,
Gfra2,ENSMUST00000022699,merfish,1,0,1,0,0,0,0,0,0,0,0,0,0,0,0,0,0,0,1,0,1,0,0,0,0,,,,,,
Fam135b,ENSMUST00000022953,merfish,0,0,0,0,0,0,0,1,0,0,1,0,0,1,0,0,0,0,0,0,0,0,0,1,0,,,,,,
Adcy8,ENSMUST00000023007,merfish,0,0,0,0,0,0,0,0,0,0,0,0,0,0,1,0,0,1,0,0,0,1,0,0,1,,,,,,
Shisa9,ENSMUST00000023138,merfish,1,1,0,0,0,0,0,0,0,0,0,0,0,0,0,0,0,0,0,1,1,0,0,0,0,,,,,,
Nectin3,ENSMUST00000023334,merfish,1,0,0,0,0,0,0,0,0,0,1,0,0,0,0,1,0,0,0,0,0,1,0,0,0,,,,,,
Pdia5,ENSMUST00000023550,merfish,0,0,0,0,1,0,0,0,1,0,0,0,0,0,0,1,0,0,0,0,0,0,0,1,0,,,,,,
Nr4a1,ENSMUST00000023779,merfish,0,0,0,0,0,0,0,0,0,0,1,0,0,0,0,1,0,1,0,0,0,0,1,0,0,,,,,,
Rps6ka2,ENSMUST00000024575,merfish,0,0,0,0,0,1,0,0,0,0,1,0,0,0,0,0,1,0,0,0,0,1,0,0,0,,,,,,
Igf2r,ENSMUST00000024599,merfish,0,0,0,0,0,1,0,0,0,1,0,0,0,0,0,0,0,1,0,0,0,0,0,1,0,,,,,,
Galnt14,ENSMUST00000024858,merfish,1,0,0,1,0,0,0,0,0,0,0,0,0,0,0,0,0,0,0,1,0,0,1,0,0,,,,,,
Zeb1,ENSMUST00000025081,merfish,1,0,1,0,0,0,0,0,0,0,0,0,0,1,0,0,0,0,0,0,0,0,0,0,1,,,,,,
Itgb8,ENSMUST00000026360,merfish,0,0,0,0,0,0,1,1,0,0,0,0,0,1,1,0,0,0,0,0,0,0,0,0,0,,,,,,
Tac2,ENSMUST00000026466,merfish,0,0,1,0,0,0,1,0,0,0,0,0,0,0,0,0,1,0,1,0,0,0,0,0,0,,,,,,
Nrp1,ENSMUST00000026917,merfish,0,0,0,0,0,0,0,0,0,1,0,0,1,0,0,0,0,0,1,0,0,1,0,0,0,,,,,,
Epha4,ENSMUST00000027451,merfish,0,1,0,0,0,0,0,1,0,0,0,0,1,0,0,0,0,0,0,0,0,0,1,0,0,,,,,,
Esrrg,ENSMUST00000027906,merfish,0,0,0,0,0,0,0,0,1,0,0,1,0,1,0,0,1,0,0,0,0,0,0,0,0,,,,,,
Itga8,ENSMUST00000028106,merfish,0,0,0,0,0,0,0,0,1,0,0,0,0,0,0,1,0,1,0,0,0,0,0,0,1,,,,,,
Gad2,ENSMUST00000028123,merfish,0,0,0,0,1,0,0,1,0,0,0,0,0,1,0,0,1,0,0,0,0,0,0,0,0,,,,,,
Med27,ENSMUST00000028139,merfish,0,0,1,0,0,0,0,0,0,0,0,0,0,0,1,0,0,0,0,1,0,0,0,1,0,,,,,,
Nr4a2,ENSMUST00000028166,merfish,0,1,0,1,0,0,0,0,0,0,0,0,0,1,0,0,0,1,0,0,0,0,0,0,0,,,,,,
Col5a1,ENSMUST00000028280,merfish,0,0,0,0,1,0,0,0,1,0,0,0,0,0,0,0,0,0,1,0,1,0,0,0,0,,,,,,
Rbms1,ENSMUST00000028347,merfish,0,0,1,1,0,0,0,0,0,0,0,0,0,0,0,0,0,0,0,0,0,0,0,1,1,,,,,,
Fbn1,ENSMUST00000028633,merfish,0,0,1,0,0,0,0,0,0,1,0,0,0,0,0,0,0,1,0,0,0,0,0,0,1,,,,,,
Pdyn,ENSMUST00000028883,merfish,0,0,0,0,0,0,0,0,0,1,1,1,0,0,0,0,0,0,0,0,0,0,0,1,0,,,,,,
Ntsr1,ENSMUST00000029084,merfish,0,0,0,0,0,0,0,0,0,0,0,0,0,0,1,0,1,0,0,0,0,0,1,0,1,,,,,,
Trpc4,ENSMUST00000029311,merfish,0,0,0,0,0,1,0,0,0,1,0,0,0,1,0,0,0,0,0,0,0,0,1,0,0,,,,,,
Ppm1l,ENSMUST00000029355,merfish,0,0,0,0,0,1,0,0,1,0,0,1,0,0,0,0,0,0,0,0,0,1,0,0,0,,,,,,
Pdgfc,ENSMUST00000029652,merfish,0,0,0,1,0,0,0,1,0,1,0,0,0,1,0,0,0,0,0,0,0,0,0,0,0,,,,,,
Calb1,ENSMUST00000029876,merfish,0,0,0,0,0,0,0,0,0,1,1,0,0,0,0,0,1,1,0,0,0,0,0,0,0,,,,,,
Bmpr1b,ENSMUST00000029948,merfish,0,0,0,1,0,0,0,0,0,0,0,0,0,0,0,0,0,1,0,0,0,0,1,0,1,,,,,,
Nr4a3,ENSMUST00000030025,merfish,0,0,0,0,0,0,0,0,0,0,1,0,0,1,0,0,0,0,0,1,0,0,1,0,0,,,,,,
Ssbp3,ENSMUST00000030367,merfish,0,0,0,1,0,0,1,0,0,0,0,0,0,0,0,0,0,0,1,0,0,1,0,0,0,,,,,,
Sema3c,ENSMUST00000030568,merfish,0,0,0,1,0,0,0,0,0,0,0,0,0,0,0,1,0,0,0,0,1,0,0,0,1,,,,,,
Grik3,ENSMUST00000030676,merfish,1,0,0,0,0,0,0,0,0,0,0,0,1,0,0,1,0,0,0,0,0,0,0,1,0,,,,,,
Gabrg1,ENSMUST00000031119,merfish,1,0,0,0,1,0,0,0,0,1,0,0,0,0,0,0,0,0,0,0,0,1,0,0,0,,,,,,
Mad1l1,ENSMUST00000031534,merfish,0,0,0,0,0,0,0,0,0,0,0,0,0,0,0,0,1,1,0,1,1,0,0,0,0,,,,,,
Aldh1l1,ENSMUST00000032175,merfish,1,0,0,0,1,0,0,0,0,0,0,0,0,1,0,0,0,0,0,0,0,0,1,0,0,,,,,,
Slc6a11,ENSMUST00000032451,merfish,1,0,0,0,0,0,0,0,0,0,0,1,0,0,0,0,0,0,0,0,0,0,1,0,1,,,,,,
Slc17a6,ENSMUST00000032710,merfish,0,0,0,0,0,1,0,0,0,0,0,0,0,0,0,1,0,0,1,0,0,1,0,0,0,,,,,,
Chrna7,ENSMUST00000032738,merfish,0,0,1,0,0,0,0,0,0,0,1,0,0,0,0,0,0,0,1,0,0,0,0,1,0,,,,,,
Nr2f2,ENSMUST00000032768,merfish,0,0,0,0,1,0,0,0,1,0,0,0,0,0,0,0,1,0,0,0,0,0,1,0,0,,,,,,
Xylt1,ENSMUST00000032892,merfish,1,1,0,1,1,0,0,0,0,0,0,0,0,0,0,0,0,0,0,0,0,0,0,0,0,,,,,,
Il4ra,ENSMUST00000033004,merfish,1,0,0,0,0,1,0,0,0,1,0,0,0,0,1,0,0,0,0,0,0,0,0,0,0,,,,,,
Sergef,ENSMUST00000033127,merfish,0,1,0,0,1,0,0,0,1,0,0,1,0,0,0,0,0,0,0,0,0,0,0,0,0,,,,,,
Tenm3,ENSMUST00000033965,merfish,0,0,0,0,0,1,0,0,0,0,0,1,0,0,0,0,0,0,0,0,1,0,1,0,0,,,,,,
Cntnap4,ENSMUST00000034225,merfish,0,0,0,0,0,0,0,0,0,0,0,0,0,0,0,0,1,1,0,0,0,1,1,0,0,,,,,,
Grik4,ENSMUST00000034515,merfish,1,0,0,0,0,0,1,0,0,0,0,0,0,0,1,0,0,0,1,0,0,0,0,0,0,,,,,,
Dscaml1,ENSMUST00000034592,merfish,0,0,0,1,0,0,0,0,0,0,1,0,0,0,0,0,1,0,0,0,0,0,1,0,0,,,,,,
Rora,ENSMUST00000034766,merfish,0,0,0,0,0,0,1,0,0,0,0,1,0,0,0,0,1,0,0,0,0,0,0,0,1,,,,,,
Clstn2,ENSMUST00000035027,merfish,0,0,0,0,0,0,0,0,0,1,0,0,1,0,0,0,0,0,0,0,1,0,0,1,0,,,,,,
Stac,ENSMUST00000035083,merfish,0,0,0,0,0,0,0,0,0,1,1,0,0,0,0,0,0,0,0,0,1,1,0,0,0,,,,,,
Vipr1,ENSMUST00000035115,merfish,0,0,0,0,0,0,0,1,0,0,1,0,0,0,0,0,0,0,1,0,0,1,0,0,0,,,,,,
Ephb1,ENSMUST00000035129,merfish,1,0,0,0,0,1,0,0,0,0,0,0,0,1,0,0,0,0,0,0,0,1,0,0,0,,,,,,
March3,ENSMUST00000035278,merfish,0,1,0,0,0,0,0,0,0,1,0,0,0,0,0,0,0,1,0,0,0,0,1,0,0,,,,,,
Pdzrn4,ENSMUST00000035399,merfish,0,0,0,0,0,0,0,1,0,1,0,0,0,0,0,1,0,1,0,0,0,0,0,0,0,,,,,,
Pmepa1,ENSMUST00000036248,merfish,0,0,0,0,0,0,0,1,0,1,0,1,0,0,0,0,0,0,0,0,0,0,1,0,0,,,,,,
Htr2c,ENSMUST00000036303,merfish,1,0,0,0,0,1,0,0,0,0,0,0,0,0,0,0,0,1,0,0,0,0,1,0,0,,,,,,
Gria1,ENSMUST00000036315,merfish,1,0,0,1,0,0,1,0,0,0,0,0,0,0,0,0,1,0,0,0,0,0,0,0,0,,,,,,
Cdh6,ENSMUST00000036439,merfish,0,0,0,0,0,0,1,0,0,0,0,0,1,0,0,0,0,0,0,0,1,0,0,0,1,,,,,,
Htr2a,ENSMUST00000036653,merfish,0,0,0,0,0,1,0,0,0,1,0,0,0,0,0,0,1,0,0,0,0,0,0,0,1,,,,,,
Fstl4,ENSMUST00000036796,merfish,0,0,0,0,1,0,0,0,1,0,0,0,1,0,0,0,0,0,0,0,0,1,0,0,0,,,,,,
Lmo1,ENSMUST00000036992,merfish,0,0,0,0,0,0,0,0,0,0,0,0,0,1,0,1,0,0,0,0,0,1,0,1,0,,,,,,
Sorcs2,ENSMUST00000037370,merfish,1,0,0,0,0,0,0,0,0,0,1,0,0,0,0,0,0,0,0,0,1,0,0,1,0,,,,,,
Dock4,ENSMUST00000037488,merfish,1,0,0,0,0,0,1,0,0,1,0,0,0,0,0,0,0,0,0,0,0,0,0,1,0,,,,,,
Asic4,ENSMUST00000037708,merfish,0,0,0,0,0,0,1,0,0,0,0,0,0,0,1,0,0,0,0,1,0,0,0,0,1,,,,,,
Ptprm,ENSMUST00000037974,merfish,0,0,0,1,1,0,0,0,0,0,0,0,0,0,1,1,0,0,0,0,0,0,0,0,0,,,,,,
Lpp,ENSMUST00000038053,merfish,0,1,0,0,0,0,0,0,0,0,1,0,0,0,0,0,0,0,0,1,0,0,0,1,0,,,,,,
Plekha6,ENSMUST00000038295,merfish,1,1,0,0,0,0,0,0,0,0,0,0,0,0,0,0,0,0,0,0,0,0,0,1,1,,,,,,
Mgat5,ENSMUST00000038361,merfish,0,0,0,0,0,0,0,0,0,0,0,1,1,0,0,0,0,0,0,0,0,0,1,1,0,,,,,,
Ric8b,ENSMUST00000038523,merfish,0,0,0,1,0,0,0,0,1,0,0,0,0,0,0,0,1,0,0,0,0,0,0,0,1,,,,,,
Nek11,ENSMUST00000038648,merfish,0,0,1,0,0,0,0,0,0,0,0,0,1,0,0,1,0,0,1,0,0,0,0,0,0,,,,,,
Trhr,ENSMUST00000038856,merfish,0,0,0,0,0,1,1,0,0,0,1,1,0,0,0,0,0,0,0,0,0,0,0,0,0,,,,,,
Cacng5,ENSMUST00000039071,merfish,1,0,0,0,1,0,0,0,1,0,0,0,0,0,0,0,0,1,0,0,0,0,0,0,0,,,,,,
Kcnh8,ENSMUST00000039366,merfish,0,0,0,1,0,0,0,0,0,0,0,1,0,0,0,0,0,0,0,1,0,0,0,0,1,,,,,,
Ror1,ENSMUST00000039630,merfish,0,0,0,0,0,0,0,0,0,0,0,0,0,0,0,0,0,0,1,1,0,0,0,1,1,,,,,,
Tox,ENSMUST00000039987,merfish,0,0,1,0,0,0,1,0,0,0,0,0,0,0,0,1,0,0,0,0,0,0,0,0,1,,,,,,
Galnt9,ENSMUST00000040001,merfish,1,0,0,1,0,0,0,0,0,0,0,0,0,0,0,0,0,1,0,0,1,0,0,0,0,,,,,,
Sobp,ENSMUST00000040275,merfish,0,0,1,0,1,0,0,0,0,0,1,0,1,0,0,0,0,0,0,0,0,0,0,0,0,,,,,,
Parm1,ENSMUST00000040576,merfish,0,1,0,1,0,0,0,0,0,0,0,0,1,0,0,0,0,0,1,0,0,0,0,0,0,,,,,,
Necab1,ENSMUST00000041606,merfish,0,0,0,0,1,0,0,0,0,0,1,0,0,0,0,0,0,1,0,0,0,0,0,0,1,,,,,,
Antxr1,ENSMUST00000042025,merfish,0,0,1,0,0,1,0,0,0,1,0,0,1,0,0,0,0,0,0,0,0,0,0,0,0,,,,,,
Myo16,ENSMUST00000042103,merfish,0,0,0,0,0,1,1,0,0,0,0,0,1,1,0,0,0,0,0,0,0,0,0,0,0,,,,,,
Qk,ENSMUST00000042296,merfish,0,0,0,1,0,0,0,0,0,0,0,0,0,0,0,1,1,1,0,0,0,0,0,0,0,,,,,,
Kcnh5,ENSMUST00000042299,merfish,0,0,1,0,0,0,0,0,0,0,1,0,0,0,0,1,0,0,0,0,1,0,0,0,0,,,,,,
Npnt,ENSMUST00000042744,merfish,0,0,0,1,0,0,0,0,0,0,1,0,0,0,1,0,0,0,0,0,0,1,0,0,0,,,,,,
Plcl1,ENSMUST00000042986,merfish,1,0,0,0,0,0,0,0,1,0,0,0,0,0,0,1,0,0,0,1,0,0,0,0,0,,,,,,
Scube1,ENSMUST00000043634,merfish,0,0,0,0,0,1,0,0,0,0,0,0,0,0,0,1,0,0,0,0,0,0,1,0,1,,,,,,
Zfhx3,ENSMUST00000043896,merfish,0,0,0,1,0,0,1,0,0,0,0,0,1,0,0,1,0,0,0,0,0,0,0,0,0,,,,,,
Igsf3,ENSMUST00000043983,merfish,0,0,0,1,0,0,0,1,0,0,0,0,0,0,0,1,0,0,0,0,0,1,0,0,0,,,,,,
Ubash3b,ENSMUST00000044155,merfish,1,0,0,0,0,0,0,0,0,0,1,0,0,0,1,0,0,0,0,0,0,0,0,0,1,,,,,,
Grm1,ENSMUST00000044306,merfish,0,0,1,0,0,1,0,0,0,0,0,0,0,1,0,0,1,0,0,0,0,0,0,0,0,,,,,,
Tmem132d,ENSMUST00000044441,merfish,0,0,0,0,1,0,0,0,0,0,0,0,1,0,0,0,0,0,0,1,0,0,0,1,0,,,,,,
Rcan2,ENSMUST00000044792,merfish,1,0,0,1,0,0,0,1,0,0,1,0,0,0,0,0,0,0,0,0,0,0,0,0,0,,,,,,
Ak5,ENSMUST00000045262,merfish,0,0,1,1,0,0,0,0,0,0,0,1,1,0,0,0,0,0,0,0,0,0,0,0,0,,,,,,
Adk,ENSMUST00000045376,merfish,0,1,0,0,0,0,0,0,0,0,1,0,1,0,0,0,0,0,0,0,0,1,0,0,0,,,,,,
Lrfn2,ENSMUST00000046254,merfish,0,0,0,0,0,1,0,0,0,0,0,0,1,0,0,0,0,0,1,0,0,0,0,0,1,,,,,,
Spon1,ENSMUST00000046687,merfish,0,1,0,0,1,0,0,0,0,0,0,0,0,0,0,0,0,0,0,0,1,0,0,1,0,,,,,,
Disp3,ENSMUST00000047720,merfish,0,0,0,0,0,0,0,0,0,0,0,0,0,0,0,0,0,0,1,1,0,1,1,0,0,,,,,,
Tiparp,ENSMUST00000047906,merfish,0,1,0,0,0,0,0,1,0,0,0,0,0,0,0,0,1,0,1,0,0,0,0,0,0,,,,,,
Greb1,ENSMUST00000048064,merfish,0,0,0,0,0,0,0,0,1,0,0,1,0,0,0,1,0,0,1,0,0,0,0,0,0,,,,,,
Elmod1,ENSMUST00000048409,merfish,0,0,0,0,0,0,0,0,1,0,0,0,1,0,0,0,0,0,0,0,0,0,1,0,1,,,,,,
Cpne2,ENSMUST00000048653,merfish,0,0,0,0,1,0,0,0,0,0,0,0,0,0,1,0,0,1,0,0,1,0,0,0,0,,,,,,
Atp2b4,ENSMUST00000048953,merfish,0,0,0,0,0,0,0,0,0,0,0,0,0,1,0,0,1,0,0,0,1,0,0,1,0,,,,,,
Prickle1,ENSMUST00000048982,merfish,0,0,0,0,0,0,0,0,1,0,0,1,0,0,0,0,0,1,0,0,1,0,0,0,0,,,,,,
Ptprf,ENSMUST00000049074,merfish,0,0,0,0,0,0,0,0,0,0,0,0,0,1,0,0,0,1,0,1,0,0,0,1,0,,,,,,
Dner,ENSMUST00000049126,merfish,0,1,0,0,0,0,0,0,0,0,0,0,0,1,1,1,0,0,0,0,0,0,0,0,0,,,,,,
Kcnab1,ENSMUST00000049230,merfish,0,1,0,0,0,0,0,0,0,0,0,0,0,0,0,1,0,0,0,0,1,0,1,0,0,,,,,,
Tmem108,ENSMUST00000049452,merfish,0,0,0,0,0,0,0,0,0,0,0,0,0,0,0,1,0,0,1,0,1,0,0,1,0,,,,,,
Trpc6,ENSMUST00000050433,merfish,1,0,0,0,0,0,0,0,0,0,0,0,0,0,1,0,0,1,0,0,0,0,0,1,0,,,,,,
Elfn1,ENSMUST00000050519,merfish,0,0,0,1,1,0,0,0,0,0,0,0,0,0,0,0,0,0,0,0,0,0,1,1,0,,,,,,
Pcsk5,ENSMUST00000050715,merfish,0,0,0,0,1,0,1,0,0,0,0,0,0,0,0,1,0,0,0,0,0,1,0,0,0,,,,,,
Olfm3,ENSMUST00000051309,merfish,1,0,0,0,1,0,0,0,0,0,0,1,0,0,0,0,0,0,0,1,0,0,0,0,0,,,,,,
Glp2r,ENSMUST00000051765,merfish,0,0,0,0,0,0,0,0,0,0,0,0,0,0,0,1,1,0,0,0,1,1,0,0,0,,,,,,
Tle4,ENSMUST00000052011,merfish,0,0,0,0,0,0,0,0,0,0,1,1,0,0,0,0,0,0,0,1,1,0,0,0,0,,,,,,
Lrp1b,ENSMUST00000052550,merfish,0,0,1,0,0,0,0,0,0,0,1,0,0,0,0,0,1,0,0,0,0,0,0,0,1,,,,,,
Oxtr,ENSMUST00000053306,merfish,0,0,0,1,0,0,1,0,1,0,0,1,0,0,0,0,0,0,0,0,0,0,0,0,0,,,,,,
Pxdc1,ENSMUST00000053459,merfish,0,0,0,0,0,0,1,0,0,1,0,0,0,1,0,0,1,0,0,0,0,0,0,0,0,,,,,,
Zfpm2,ENSMUST00000053467,merfish,0,1,0,1,0,0,0,0,0,0,1,0,0,0,0,0,0,0,0,0,1,0,0,0,0,,,,,,
Lingo1,ENSMUST00000053568,merfish,0,1,0,0,0,0,0,0,1,0,1,0,0,0,0,0,0,1,0,0,0,0,0,0,0,,,,,,
Foxo1,ENSMUST00000053764,merfish,0,0,0,0,0,0,0,1,0,1,0,0,0,0,0,0,0,0,0,1,0,0,0,1,0,,,,,,
Grin2b,ENSMUST00000053880,merfish,0,0,1,1,0,0,0,0,0,1,1,0,0,0,0,0,0,0,0,0,0,0,0,0,0,,,,,,
Ndnf,ENSMUST00000054351,merfish,1,0,0,1,0,0,0,0,0,1,0,0,1,0,0,0,0,0,0,0,0,0,0,0,0,,,,,,
Fn1,ENSMUST00000055226,merfish,0,1,0,0,0,0,0,0,0,0,1,0,0,0,1,0,0,0,1,0,0,0,0,0,0,,,,,,
Gfod1,ENSMUST00000055341,merfish,1,0,1,0,0,0,0,0,0,0,0,0,1,0,0,0,1,0,0,0,0,0,0,0,0,,,,,,
Pik3r1,ENSMUST00000055518,merfish,0,0,0,0,1,0,0,0,0,0,0,0,0,0,0,1,0,1,0,1,0,0,0,0,0,,,,,,
Arhgap15,ENSMUST00000055776,merfish,0,0,0,0,1,1,0,0,0,0,0,0,0,0,0,0,0,0,0,0,0,1,1,0,0,,,,,,
Vwc2,ENSMUST00000056344,merfish,0,0,0,0,0,0,0,1,1,0,0,0,0,0,1,1,0,0,0,0,0,0,0,0,0,,,,,,
Rbfox1,ENSMUST00000056416,merfish,0,0,0,1,0,0,1,0,0,0,0,0,0,0,1,0,0,1,0,0,0,0,0,0,0,,,,,,
Cnr1,ENSMUST00000057188,merfish,0,0,0,0,0,1,1,0,0,0,0,0,0,0,0,0,0,0,0,0,0,0,1,1,0,,,,,,
Lamp5,ENSMUST00000057503,merfish,0,0,0,0,1,1,0,0,0,0,0,0,0,0,0,1,1,0,0,0,0,0,0,0,0,,,,,,
Cpne4,ENSMUST00000057742,merfish,0,1,0,0,0,0,0,0,1,0,0,0,1,0,0,0,0,0,0,1,0,0,0,0,0,,,,,,
Frmd6,ENSMUST00000057859,merfish,0,0,1,0,1,0,0,0,1,0,0,0,0,0,0,0,0,0,0,0,0,0,0,0,1,,,,,,
Rnf152,ENSMUST00000058688,merfish,0,0,0,0,1,0,1,0,0,0,0,0,0,1,0,0,0,0,0,0,0,0,0,1,0,,,,,,
Pam,ENSMUST00000058762,merfish,0,0,0,0,0,0,1,0,1,0,0,0,0,0,0,0,0,0,1,0,0,0,1,0,0,,,,,,
Zbtb7c,ENSMUST00000058997,merfish,0,0,0,0,0,0,0,1,1,0,0,0,0,0,0,0,1,1,0,0,0,0,0,0,0,,,,,,
Fbxl7,ENSMUST00000059204,merfish,0,0,0,0,1,1,0,0,0,0,0,0,0,0,0,0,0,0,0,1,1,0,0,0,0,,,,,,
Ephb2,ENSMUST00000059287,merfish,1,0,1,0,0,0,0,0,0,1,0,0,0,0,0,0,0,0,0,1,0,0,0,0,0,,,,,,
Prkca,ENSMUST00000059595,merfish,0,0,0,1,0,0,0,0,1,0,0,0,0,1,0,0,0,0,0,0,0,1,0,0,0,,,,,,
Npsr1,ENSMUST00000059650,merfish,0,0,0,0,0,0,0,0,0,0,1,1,0,0,0,0,0,1,1,0,0,0,0,0,0,,,,,,
Tmtc1,ENSMUST00000060095,merfish,0,0,0,0,1,0,0,1,0,0,1,0,0,0,0,0,0,0,0,0,1,0,0,0,0,,,,,,
Tshz1,ENSMUST00000060303,merfish,0,0,0,0,0,0,0,0,0,0,0,0,0,1,1,0,0,0,0,0,1,1,0,0,0,,,,,,
Nxph1,ENSMUST00000060369,merfish,0,0,0,0,0,1,0,0,0,0,0,0,1,0,0,0,1,0,0,0,0,0,0,1,0,,,,,,
Phlpp1,ENSMUST00000061047,merfish,1,1,0,0,0,0,0,0,0,0,0,0,0,0,0,0,0,1,1,0,0,0,0,0,0,,,,,,
Tmtc2,ENSMUST00000061506,merfish,1,0,0,0,0,0,0,0,0,0,1,0,0,1,0,0,1,0,0,0,0,0,0,0,0,,,,,,
Ust,ENSMUST00000061601,merfish,0,1,0,1,0,0,0,0,0,0,0,0,0,0,0,0,0,0,0,1,0,1,0,0,0,,,,,,
Tmem178b,ENSMUST00000061740,merfish,1,0,0,0,0,0,0,1,0,1,0,0,0,0,0,0,1,0,0,0,0,0,0,0,0,,,,,,
Plcxd3,ENSMUST00000061925,merfish,0,0,0,0,0,1,0,1,0,0,0,0,0,0,0,0,0,1,0,0,0,1,0,0,0,,,,,,
Cdh20,ENSMUST00000062528,merfish,0,0,0,0,0,0,0,0,0,0,0,1,1,0,0,0,0,0,0,0,1,1,0,0,0,,,,,,
Hcrtr2,ENSMUST00000063140,merfish,0,0,0,1,0,0,0,1,0,0,0,0,1,0,0,0,0,0,0,0,0,0,0,0,1,,,,,,
Rarb,ENSMUST00000063750,merfish,0,0,1,0,0,0,0,1,0,0,0,0,0,0,0,0,0,0,0,1,0,0,0,0,1,,,,,,
Cemip,ENSMUST00000064174,merfish,0,0,0,0,0,0,0,0,1,0,1,0,0,0,0,0,0,0,0,0,1,0,0,0,1,,,,,,
Epha3,ENSMUST00000064405,merfish,0,1,0,0,0,1,0,0,0,0,0,0,0,0,1,0,0,0,0,0,0,0,0,1,0,,,,,,
Adarb2,ENSMUST00000064473,merfish,0,1,0,0,0,0,0,0,0,1,0,0,0,0,0,0,1,0,0,0,1,0,0,0,0,,,,,,
Afap1,ENSMUST00000064571,merfish,0,0,0,1,0,0,0,0,0,1,0,0,0,0,1,0,0,0,0,0,0,0,0,0,1,,,,,,
Nfib,ENSMUST00000064770,merfish,0,1,0,0,1,0,0,0,0,0,1,0,0,1,0,0,0,0,0,0,0,0,0,0,0,,,,,,
Hs6st3,ENSMUST00000065904,merfish,0,0,0,0,0,0,0,0,0,1,1,0,0,0,0,0,0,0,1,1,0,0,0,0,0,,,,,,
Pld5,ENSMUST00000065967,merfish,0,0,0,1,0,0,1,0,0,1,0,0,0,0,0,0,0,0,0,1,0,0,0,0,0,,,,,,
Bcl11b,ENSMUST00000066060,merfish,1,0,0,0,0,1,0,1,0,0,0,0,1,0,0,0,0,0,0,0,0,0,0,0,0,,,,,,
Sema5a,ENSMUST00000067458,merfish,1,0,0,1,0,0,0,0,0,0,0,0,0,0,0,0,0,0,0,0,0,1,0,0,1,,,,,,
Chn2,ENSMUST00000067741,merfish,0,0,0,0,0,0,1,0,0,1,0,1,0,0,1,0,0,0,0,0,0,0,0,0,0,,,,,,
Tafa5,ENSMUST00000068088,merfish,0,0,0,0,0,0,0,0,1,1,0,0,0,0,0,0,0,0,0,0,0,0,0,1,1,,,,,,
Iqgap2,ENSMUST00000068603,merfish,0,0,0,0,0,1,1,0,0,0,0,0,0,0,0,0,0,0,0,0,1,1,0,0,0,,,,,,
Gabrg3,ENSMUST00000068911,merfish,0,0,0,0,0,0,0,0,0,0,0,0,0,1,0,0,1,0,1,0,0,1,0,0,0,,,,,,
Tead1,ENSMUST00000069256,merfish,0,0,1,1,0,1,1,0,0,0,0,0,0,0,0,0,0,0,0,0,0,0,0,0,0,,,,,,
Dach1,ENSMUST00000069334,merfish,1,0,0,0,0,0,0,0,0,1,0,0,0,0,0,1,0,0,0,0,0,0,0,0,1,,,,,,
Slit3,ENSMUST00000069837,merfish,1,0,0,0,0,0,1,0,1,0,0,0,0,0,0,0,0,0,0,0,0,0,0,0,1,,,,,,
Synpr,ENSMUST00000070323,merfish,0,1,1,0,0,0,0,0,0,0,0,0,0,0,0,0,0,0,0,0,1,1,0,0,0,,,,,,
Penk,ENSMUST00000070375,merfish,1,0,0,0,0,0,0,0,0,0,0,0,1,0,0,0,0,1,0,0,0,1,0,0,0,,,,,,
Ptprn2,ENSMUST00000070733,merfish,0,0,0,0,1,1,0,0,0,0,0,1,1,0,0,0,0,0,0,0,0,0,0,0,0,,,,,,
Ldb2,ENSMUST00000070748,merfish,0,0,1,0,0,0,0,0,0,1,0,1,0,0,0,0,0,0,1,0,0,0,0,0,0,,,,,,
Adcyap1r1,ENSMUST00000070756,merfish,0,0,0,0,0,1,0,0,0,0,0,0,0,1,0,0,0,0,1,0,0,0,0,1,0,,,,,,
Pcdh17,ENSMUST00000071370,merfish,0,0,0,0,0,0,1,0,0,0,0,0,0,0,0,0,0,0,1,1,1,0,0,0,0,,,,,,
Peli2,ENSMUST00000073150,merfish,0,0,0,0,0,1,0,1,0,1,0,0,0,0,0,0,0,0,0,0,1,0,0,0,0,,,,,,
Sema3e,ENSMUST00000073957,merfish,0,1,0,0,0,0,0,0,0,0,0,1,0,0,0,0,0,0,0,0,0,1,0,0,1,,,,,,
Ptpre,ENSMUST00000073961,merfish,0,0,0,0,1,0,0,0,0,0,0,0,1,0,0,0,1,0,0,0,0,0,0,0,1,,,,,,
Negr1,ENSMUST00000074015,merfish,0,0,1,0,0,0,1,0,0,0,1,0,0,0,0,0,0,0,0,1,0,0,0,0,0,,,,,,
Agap1,ENSMUST00000074945,merfish,0,0,0,1,0,1,0,0,0,0,0,0,1,0,0,0,0,0,0,0,0,0,1,0,0,,,,,,
Ntm,ENSMUST00000075069,merfish,1,0,0,0,0,0,0,1,0,0,0,1,0,0,0,0,0,0,1,0,0,0,0,0,0,,,,,,
Baiap2,ENSMUST00000075180,merfish,0,1,0,0,0,0,1,0,0,0,0,0,0,0,0,0,0,0,1,0,0,0,0,1,0,,,,,,
Cdh11,ENSMUST00000075190,merfish,0,0,0,0,0,0,1,0,0,0,0,1,0,0,0,1,0,0,0,0,1,0,0,0,0,,,,,,
Ppargc1b,ENSMUST00000075299,merfish,0,0,0,0,0,0,0,0,0,0,1,0,0,0,1,0,1,0,0,0,1,0,0,0,0,,,,,,
Pdzd2,ENSMUST00000075317,merfish,0,0,0,0,0,1,0,0,1,0,0,0,0,0,1,0,0,1,0,0,0,0,0,0,0,,,,,,
Pdzrn3,ENSMUST00000075994,merfish,1,1,1,0,0,0,0,0,0,0,0,0,0,0,1,0,0,0,0,0,0,0,0,0,0,,,,,,
Cntnap5c,ENSMUST00000076038,merfish,0,0,0,1,1,0,0,0,1,1,0,0,0,0,0,0,0,0,0,0,0,0,0,0,0,,,,,,
Srrm4,ENSMUST00000076124,merfish,1,0,0,0,0,0,0,0,1,0,0,0,0,0,1,0,0,0,0,0,0,0,1,0,0,,,,,,
Grin3a,ENSMUST00000076674,merfish,0,1,0,0,0,0,0,0,0,0,0,0,0,0,0,1,0,0,1,0,0,0,0,0,1,,,,,,
Efna5,ENSMUST00000076840,merfish,0,0,0,0,0,0,0,0,0,0,0,1,0,0,1,0,0,0,0,0,1,0,0,1,0,,,,,,
Sgcd,ENSMUST00000077221,merfish,0,0,0,0,0,0,1,1,0,0,0,0,0,0,0,0,0,1,1,0,0,0,0,0,0,,,,,,
Rxra,ENSMUST00000077257,merfish,0,0,0,0,0,0,0,0,0,0,0,1,0,0,1,0,1,0,0,1,0,0,0,0,0,,,,,,
Ext1,ENSMUST00000077273,merfish,1,1,0,0,0,1,1,0,0,0,0,0,0,0,0,0,0,0,0,0,0,0,0,0,0,,,,,,
Atrnl1,ENSMUST00000077282,merfish,1,0,0,0,1,0,0,0,0,0,0,0,0,0,1,0,1,0,0,0,0,0,0,0,0,,,,,,
Unc5b,ENSMUST00000077925,merfish,0,0,0,0,0,0,0,1,0,0,0,0,0,0,0,0,0,0,1,0,1,0,1,0,0,,,,,,
Cacna2d1,ENSMUST00000078272,merfish,0,0,1,0,0,0,0,0,0,0,0,0,0,0,0,0,0,0,1,0,0,0,1,0,1,,,,,,
Rnf150,ENSMUST00000078525,merfish,0,0,0,0,0,0,0,1,1,0,0,0,1,1,0,0,0,0,0,0,0,0,0,0,0,,,,,,
Rxfp1,ENSMUST00000078527,merfish,0,0,0,1,0,1,0,0,0,0,0,0,0,0,1,0,0,0,0,0,1,0,0,0,0,,,,,,
Sorcs3,ENSMUST00000078880,merfish,0,1,0,0,0,0,0,0,1,0,0,0,0,0,1,0,0,0,0,0,1,0,0,0,0,,,,,,
Rph3a,ENSMUST00000079204,merfish,0,0,1,0,0,0,0,1,0,0,0,0,0,0,0,1,0,0,0,0,0,0,0,1,0,,,,,,
Mkx,ENSMUST00000079788,merfish,0,1,1,0,0,0,0,0,0,0,0,0,0,0,0,0,0,0,1,1,0,0,0,0,0,,,,,,
Notch2,ENSMUST00000079812,merfish,0,0,0,0,0,0,1,1,0,0,0,0,0,0,0,0,0,0,0,0,0,1,1,0,0,,,,,,
Atp8a2,ENSMUST00000080368,merfish,0,0,0,0,0,0,0,0,1,1,1,0,0,0,0,0,0,0,0,0,0,0,1,0,0,,,,,,
Epha7,ENSMUST00000080934,merfish,0,0,0,0,1,1,1,0,0,0,0,0,0,0,0,0,0,0,1,0,0,0,0,0,0,,,,,,
Ebf1,ENSMUST00000081265,merfish,0,1,1,0,1,1,0,0,0,0,0,0,0,0,0,0,0,0,0,0,0,0,0,0,0,,,,,,
Kcnd2,ENSMUST00000081542,merfish,0,0,0,0,0,0,0,1,1,0,0,0,0,0,0,0,0,0,1,1,0,0,0,0,0,,,,,,
Syt17,ENSMUST00000081574,merfish,0,0,1,0,0,0,0,0,0,0,0,0,0,0,1,1,1,0,0,0,0,0,0,0,0,,,,,,
Csmd1,ENSMUST00000082104,merfish,0,0,0,0,0,0,0,0,0,0,0,1,1,0,0,0,1,1,0,0,0,0,0,0,0,,,,,,
Luzp2,ENSMUST00000082373,merfish,0,1,0,0,0,0,0,0,0,1,0,0,1,0,0,0,0,0,0,0,0,0,0,0,1,,,,,,
Astn2,ENSMUST00000084496,merfish,0,1,0,0,0,0,0,1,0,0,0,0,0,0,0,1,0,0,0,1,0,0,0,0,0,,,,,,
Slc8a3,ENSMUST00000085238,merfish,0,0,0,1,0,0,0,0,1,0,0,0,0,0,0,0,0,0,1,0,0,0,0,1,0,,,,,,
Sdk1,ENSMUST00000085774,merfish,0,0,1,1,0,0,0,0,0,0,0,0,0,1,1,0,0,0,0,0,0,0,0,0,0,,,,,,
Galnt17,ENSMUST00000086023,merfish,0,0,0,0,0,1,0,0,0,1,0,1,0,0,0,1,0,0,0,0,0,0,0,0,0,,,,,,
Alk,ENSMUST00000086639,merfish,0,0,0,1,0,0,0,1,0,0,0,0,0,0,0,0,0,1,0,1,0,0,0,0,0,,,,,,
Man2a1,ENSMUST00000086723,merfish,0,0,1,0,1,0,0,0,0,0,0,0,0,0,1,0,0,0,1,0,0,0,0,0,0,,,,,,
Nhs,ENSMUST00000087085,merfish,0,0,0,0,0,0,0,0,0,0,0,0,1,1,0,0,0,0,0,0,0,1,1,0,0,,,,,,
Pax3,ENSMUST00000087086,merfish,0,0,0,0,0,0,0,1,0,0,0,0,1,0,0,0,1,0,0,0,0,1,0,0,0,,,,,,
Gda,ENSMUST00000087600,merfish,0,0,0,0,0,0,0,0,1,0,0,0,0,1,0,0,0,0,0,1,0,0,0,0,1,,,,,,
Hs6st2,ENSMUST00000088172,merfish,0,0,0,0,0,0,1,0,0,1,0,0,0,0,0,0,0,1,0,0,1,0,0,0,0,,,,,,
Gpc6,ENSMUST00000088483,merfish,0,0,1,0,0,0,0,0,0,1,0,0,0,0,0,1,0,0,0,0,0,1,0,0,0,,,,,,
Slc44a5,ENSMUST00000089948,merfish,0,0,0,0,0,0,1,0,0,0,0,0,0,1,0,1,0,0,0,0,0,0,1,0,0,,,,,,
Syt6,ENSMUST00000090697,merfish,1,0,0,0,0,0,1,0,0,0,0,0,0,1,0,0,0,0,0,0,1,0,0,0,0,,,,,,
Zfp385b,ENSMUST00000090766,merfish,0,0,0,1,0,1,0,1,0,0,0,0,0,0,0,0,0,0,1,0,0,0,0,0,0,,,,,,
Nr2f1,ENSMUST00000091458,merfish,1,0,0,0,0,0,0,0,0,0,0,0,1,1,1,0,0,0,0,0,0,0,0,0,0,,,,,,
Kcnc2,ENSMUST00000092175,merfish,1,0,0,0,0,0,0,0,0,0,0,0,0,0,1,0,0,0,0,1,0,1,0,0,0,,,,,,
Zbtb16,ENSMUST00000093852,merfish,0,0,0,0,1,0,1,0,0,0,0,0,0,0,0,0,1,0,0,0,1,0,0,0,0,,,,,,
Crhr1,ENSMUST00000093925,merfish,0,0,0,0,0,0,0,0,0,0,0,1,0,0,1,0,0,0,1,0,0,1,0,0,0,,,,,,
Wscd2,ENSMUST00000094452,merfish,1,0,0,0,0,0,0,0,0,0,0,1,0,1,0,1,0,0,0,0,0,0,0,0,0,,,,,,
Epb41l4b,ENSMUST00000095076,merfish,0,0,0,0,1,0,0,0,0,0,0,0,0,1,0,0,0,1,0,0,0,1,0,0,0,,,,,,
Etv1,ENSMUST00000095767,merfish,0,0,0,0,0,0,0,0,0,0,1,1,0,1,1,0,0,0,0,0,0,0,0,0,0,,,,,,
Moxd1,ENSMUST00000095784,merfish,0,0,0,0,0,0,1,0,0,0,0,0,0,1,0,0,0,1,0,0,0,0,0,0,1,,,,,,
Kctd16,ENSMUST00000096572,merfish,0,0,0,0,0,1,0,0,0,0,1,0,0,0,0,1,0,0,0,0,0,0,0,1,0,,,,,,
Zfp827,ENSMUST00000098614,merfish,1,0,1,0,0,0,1,0,0,0,0,0,0,0,0,0,0,0,0,0,0,0,1,0,0,,,,,,
Plxnc1,ENSMUST00000099337,merfish,0,1,0,0,0,0,0,1,0,0,1,0,0,0,0,0,0,0,0,0,0,0,0,0,1,,,,,,
Ano3,ENSMUST00000099623,merfish,0,0,0,0,0,0,0,1,0,0,0,0,0,0,0,0,0,1,0,0,1,0,0,1,0,,,,,,
Mb21d2,ENSMUST00000100023,merfish,1,0,0,0,0,0,1,0,0,0,0,0,0,0,0,1,0,1,0,0,0,0,0,0,0,,,,,,
Mecp2,ENSMUST00000100750,merfish,0,0,0,1,0,0,0,0,0,0,0,1,0,0,0,1,0,0,0,0,0,0,0,1,0,,,,,,
Npas3,ENSMUST00000101432,merfish,0,1,0,0,1,0,1,0,0,1,0,0,0,0,0,0,0,0,0,0,0,0,0,0,0,,,,,,
Ece1,ENSMUST00000102518,merfish,0,0,0,0,1,0,0,0,0,0,0,1,0,0,0,1,0,0,0,0,0,0,1,0,0,,,,,,
Meis2,ENSMUST00000102538,merfish,0,0,0,1,0,0,0,0,1,0,1,0,0,0,0,1,0,0,0,0,0,0,0,0,0,,,,,,
Tjp1,ENSMUST00000102592,merfish,0,0,0,0,0,0,0,1,0,0,0,0,0,0,0,0,0,0,0,1,1,1,0,0,0,,,,,,
Col23a1,ENSMUST00000102765,merfish,0,0,1,0,0,0,0,0,0,0,0,0,1,0,1,0,0,0,0,0,0,0,0,0,1,,,,,,
Tenm2,ENSMUST00000102801,merfish,1,0,0,0,0,0,1,0,0,0,0,0,1,0,0,0,0,0,0,1,0,0,0,0,0,,,,,,
Ptprd,ENSMUST00000102834,merfish,0,0,0,1,0,0,0,0,0,0,0,0,0,1,0,0,1,0,0,1,0,0,0,0,0,,,,,,
Ntng2,ENSMUST00000102873,merfish,0,0,1,0,0,0,0,0,0,0,1,0,0,0,0,0,0,1,0,0,0,1,0,0,0,,,,,,
Gata3,ENSMUST00000102976,merfish,0,1,0,0,0,0,0,0,0,0,0,1,0,0,0,0,1,0,0,0,0,0,1,0,0,,,,,,
Zswim6,ENSMUST00000105097,merfish,0,0,0,0,0,0,0,1,0,0,0,1,0,0,0,0,0,0,0,0,0,1,0,1,0,,,,,,
Grip1,ENSMUST00000105262,merfish,0,1,0,0,0,0,0,0,0,0,0,0,1,0,1,0,1,0,0,0,0,0,0,0,0,,,,,,
Adora2a,ENSMUST00000105420,merfish,1,0,0,0,1,0,0,0,0,0,0,0,1,0,0,0,0,0,1,0,0,0,0,0,0,,,,,,
Grik2,ENSMUST00000105484,merfish,0,0,0,0,0,1,0,0,0,0,0,1,0,0,0,0,0,1,0,0,0,0,0,0,1,,,,,,
Oprm1,ENSMUST00000105607,merfish,0,0,0,0,0,0,0,0,1,1,0,0,0,0,0,1,1,0,0,0,0,0,0,0,0,,,,,,
Ptpru,ENSMUST00000105987,merfish,0,0,0,0,0,0,0,0,0,1,0,0,0,0,1,0,1,0,0,0,0,1,0,0,0,,,,,,
Inpp5a,ENSMUST00000106098,merfish,0,0,0,0,0,1,1,0,0,0,0,0,0,0,0,0,1,1,0,0,0,0,0,0,0,,,,,,
Unc5c,ENSMUST00000106236,merfish,0,1,1,0,0,0,0,0,0,0,0,0,0,0,0,0,1,1,0,0,0,0,0,0,0,,,,,,
Col25a1,ENSMUST00000106353,merfish,0,0,1,0,0,0,0,1,0,0,0,0,0,1,0,0,0,0,1,0,0,0,0,0,0,,,,,,
Camk2d,ENSMUST00000106402,merfish,0,1,0,0,0,1,0,0,0,1,0,0,0,0,0,0,0,0,1,0,0,0,0,0,0,,,,,,
Dab1,ENSMUST00000106830,merfish,1,0,0,0,0,0,0,0,0,0,0,0,0,0,0,0,1,0,0,0,1,0,1,0,0,,,,,,
Pde4b,ENSMUST00000106908,merfish,0,0,0,1,0,1,0,0,0,0,1,0,0,0,0,0,0,0,0,0,0,0,0,0,1,,,,,,
Nfia,ENSMUST00000107057,merfish,0,0,0,0,0,0,0,0,1,1,0,0,0,1,1,0,0,0,0,0,0,0,0,0,0,,,,,,
Elavl2,ENSMUST00000107110,merfish,0,0,0,0,0,0,0,0,0,0,0,0,0,0,0,0,1,0,0,1,0,1,0,0,1,,,,,,
Slc24a2,ENSMUST00000107157,merfish,1,0,0,0,0,0,0,0,0,0,1,0,1,0,0,0,0,0,0,0,0,0,1,0,0,,,,,,
Tenm4,ENSMUST00000107166,merfish,0,0,0,0,0,0,0,0,0,1,1,0,0,0,1,1,0,0,0,0,0,0,0,0,0,,,,,,
Col15a1,ENSMUST00000107730,merfish,0,0,1,0,0,0,0,0,0,0,0,1,0,1,0,0,0,0,0,0,0,0,1,0,0,,,,,,
Msi2,ENSMUST00000107909,merfish,0,0,0,0,0,0,0,0,0,0,0,0,1,1,0,0,0,1,1,0,0,0,0,0,0,,,,,,
Nlgn1,ENSMUST00000108308,merfish,0,0,0,1,0,1,0,0,0,0,0,0,0,0,0,0,0,0,0,0,0,1,0,1,0,,,,,,
Sipa1l2,ENSMUST00000108775,merfish,0,0,0,0,0,0,0,1,0,0,1,0,0,0,1,0,0,1,0,0,0,0,0,0,0,,,,,,
Glra1,ENSMUST00000108853,merfish,0,1,0,0,1,0,0,0,0,0,0,0,0,0,1,0,0,0,0,0,0,0,0,0,1,,,,,,
Tshz2,ENSMUST00000109159,merfish,0,0,0,0,1,0,0,0,0,0,0,0,1,0,0,0,0,1,0,0,0,0,1,0,0,,,,,,
Kcng1,ENSMUST00000109191,merfish,0,0,0,0,0,0,0,0,1,1,0,0,0,0,0,0,0,0,0,1,1,0,0,0,0,,,,,,
Wnt7b,ENSMUST00000109424,merfish,0,0,0,0,1,0,0,0,0,0,1,0,0,0,0,0,0,0,0,1,0,1,0,0,0,,,,,,
Tox2,ENSMUST00000109428,merfish,0,0,0,0,0,0,1,0,0,1,0,0,1,0,0,0,0,0,0,0,0,0,1,0,0,,,,,,
Ptprt,ENSMUST00000109445,merfish,0,0,0,0,0,0,0,1,0,0,0,0,1,0,0,0,0,0,1,0,0,0,0,1,0,,,,,,
Tox3,ENSMUST00000109621,merfish,0,0,0,0,0,1,0,0,0,0,0,1,0,0,0,0,0,0,0,1,0,0,0,1,0,,,,,,
Nfix,ENSMUST00000109764,merfish,0,0,0,0,1,1,0,0,0,0,0,0,0,0,0,0,0,0,0,0,0,0,0,1,1,,,,,,
Ntrk2,ENSMUST00000109838,merfish,0,0,0,0,0,0,0,0,1,0,1,0,0,0,0,0,1,0,1,0,0,0,0,0,0,,,,,,
Inpp4b,ENSMUST00000109851,merfish,0,1,0,0,0,0,1,0,0,0,0,1,0,0,0,0,0,0,0,1,0,0,0,0,0,,,,,,
Nr3c2,ENSMUST00000109912,merfish,0,1,0,0,0,1,0,0,0,0,0,0,1,0,0,0,0,0,0,0,1,0,0,0,0,,,,,,
Syndig1,ENSMUST00000109935,merfish,0,0,0,0,1,0,1,0,1,0,0,0,0,0,0,0,0,0,0,1,0,0,0,0,0,,,,,,
Rin2,ENSMUST00000110005,merfish,0,0,0,1,0,0,0,0,0,0,0,0,0,1,0,0,0,0,0,0,1,0,1,0,0,,,,,,
Flrt3,ENSMUST00000110057,merfish,0,0,1,0,0,1,0,0,0,0,0,0,0,0,0,0,0,1,0,0,1,0,0,0,0,,,,,,
Esrrb,ENSMUST00000110204,merfish,0,1,0,0,0,0,0,0,0,0,0,0,0,0,0,0,0,1,0,0,0,1,0,1,0,,,,,,
Bcl2l11,ENSMUST00000110341,merfish,1,0,0,0,0,0,0,1,0,0,0,0,0,1,0,0,0,0,0,1,0,0,0,0,0,,,,,,
Mpped2,ENSMUST00000111063,merfish,1,0,0,0,0,0,0,0,0,1,0,1,0,0,0,0,0,0,0,0,1,0,0,0,0,,,,,,
Akt3,ENSMUST00000111159,merfish,0,0,0,0,0,0,0,1,0,0,0,1,0,0,0,1,0,0,0,0,0,0,0,0,1,,,,,,
Trp53i11,ENSMUST00000111266,merfish,0,1,1,0,0,0,0,0,0,0,0,0,1,1,0,0,0,0,0,0,0,0,0,0,0,,,,,,
Tcf7l2,ENSMUST00000111656,merfish,0,0,0,0,0,0,0,1,0,0,1,0,1,0,0,1,0,0,0,0,0,0,0,0,0,,,,,,
Cux2,ENSMUST00000111752,merfish,1,0,0,0,0,1,0,0,0,0,0,1,0,0,0,0,1,0,0,0,0,0,0,0,0,,,,,,
Etv6,ENSMUST00000111963,merfish,0,0,0,0,0,0,1,1,1,0,0,0,0,0,0,0,0,0,0,0,1,0,0,0,0,,,,,,
Cobll1,ENSMUST00000112429,merfish,0,1,0,1,0,0,0,0,0,1,0,1,0,0,0,0,0,0,0,0,0,0,0,0,0,,,,,,
Tanc1,ENSMUST00000112568,merfish,0,1,0,0,0,0,0,0,0,1,0,0,0,1,0,0,0,0,0,0,0,1,0,0,0,,,,,,
Rorb,ENSMUST00000112832,merfish,0,0,0,0,0,0,0,0,0,0,1,0,1,0,0,0,0,0,1,0,1,0,0,0,0,,,,,,
Lhx6,ENSMUST00000112966,merfish,0,0,0,0,0,1,0,0,1,0,0,0,0,0,0,0,0,0,0,0,1,0,0,1,0,,,,,,
Il1rapl2,ENSMUST00000113063,merfish,0,0,1,0,0,0,0,0,1,0,0,0,0,0,1,0,0,0,0,0,0,1,0,0,0,,,,,,
Pbx3,ENSMUST00000113132,merfish,0,0,1,0,0,0,0,0,1,0,0,0,0,0,0,0,0,1,0,1,0,0,0,0,0,,,,,,
Rftn1,ENSMUST00000113195,merfish,1,1,0,0,0,0,0,0,0,1,1,0,0,0,0,0,0,0,0,0,0,0,0,0,0,,,,,,
Foxp1,ENSMUST00000113326,merfish,0,0,0,0,0,1,0,1,0,0,0,0,0,0,0,0,1,0,0,0,0,0,1,0,0,,,,,,
Epha5,ENSMUST00000113401,merfish,0,1,0,0,0,0,0,0,1,0,0,0,0,0,0,0,1,0,0,0,0,0,0,1,0,,,,,,
Nrxn2,ENSMUST00000113458,merfish,0,0,1,1,1,0,0,0,0,0,0,0,0,0,0,0,1,0,0,0,0,0,0,0,0,,,,,,
Nr2c2,ENSMUST00000113460,merfish,0,0,0,0,1,0,0,0,1,0,1,0,0,0,1,0,0,0,0,0,0,0,0,0,0,,,,,,
Nrp2,ENSMUST00000114155,merfish,0,0,1,0,0,0,1,0,0,0,0,0,0,0,1,0,0,0,0,0,1,0,0,0,0,,,,,,
Rgs12,ENSMUST00000114281,merfish,0,1,0,0,0,0,0,0,1,0,0,0,0,0,0,1,0,0,0,0,0,1,0,0,0,,,,,,
Cadm2,ENSMUST00000114292,merfish,0,1,0,1,0,0,1,0,0,0,0,0,0,0,0,0,0,0,0,0,0,0,0,0,1,,,,,,
Cadm1,ENSMUST00000114548,merfish,0,0,0,0,0,0,0,0,0,1,0,1,0,0,0,0,0,1,0,1,0,0,0,0,0,,,,,,
Glp1r,ENSMUST00000114574,merfish,0,0,0,0,0,0,1,0,0,0,0,0,0,0,0,0,1,0,0,1,0,0,1,0,0,,,,,,
Etl4,ENSMUST00000114604,merfish,0,0,0,0,0,0,0,0,1,1,0,1,1,0,0,0,0,0,0,0,0,0,0,0,0,,,,,,
Adcy5,ENSMUST00000114913,merfish,0,0,0,1,0,0,0,0,0,0,0,0,0,1,0,0,0,0,1,0,0,0,0,0,1,,,,,,
Dcc,ENSMUST00000114943,merfish,0,0,0,0,0,0,0,0,0,0,0,0,0,1,1,0,0,0,0,0,0,0,1,1,0,,,,,,
Tcf4,ENSMUST00000114985,merfish,0,0,0,0,0,0,1,1,0,1,1,0,0,0,0,0,0,0,0,0,0,0,0,0,0,,,,,,
Plxna4,ENSMUST00000115096,merfish,0,0,1,0,0,1,0,0,0,0,0,0,0,0,0,0,0,0,0,0,0,1,0,0,1,,,,,,
Opcml,ENSMUST00000115243,merfish,0,1,0,1,0,1,0,0,0,0,0,0,0,0,0,0,1,0,0,0,0,0,0,0,0,,,,,,
Grm8,ENSMUST00000115323,merfish,0,0,0,1,0,0,1,0,0,0,1,0,0,1,0,0,0,0,0,0,0,0,0,0,0,,,,,,
Foxp2,ENSMUST00000115477,merfish,0,0,0,0,1,0,0,1,0,0,0,0,0,0,0,0,0,0,0,0,0,1,0,0,1,,,,,,
Nr3c1,ENSMUST00000115567,merfish,1,0,0,0,0,0,0,0,0,0,0,0,0,0,0,0,1,0,1,0,0,0,0,0,1,,,,,,
Ahr,ENSMUST00000116436,merfish,0,0,0,0,0,1,1,0,0,0,0,0,0,0,1,1,0,0,0,0,0,0,0,0,0,,,,,,
Prr16,ENSMUST00000116639,merfish,0,0,0,0,0,0,0,0,0,0,0,1,0,1,0,0,0,0,0,1,0,1,0,0,0,,,,,,
Cdh13,ENSMUST00000117160,merfish,0,0,0,0,0,0,0,0,0,0,0,1,0,0,0,1,0,1,0,0,0,1,0,0,0,,,,,,
Robo2,ENSMUST00000117200,merfish,1,0,0,0,1,0,0,1,0,0,0,0,0,0,0,0,0,0,0,0,0,0,0,1,0,,,,,,
Rerg,ENSMUST00000117919,merfish,0,1,0,0,0,0,0,0,0,1,0,0,0,0,0,1,0,0,0,0,0,0,0,1,0,,,,,,
Bcl11a,ENSMUST00000118955,merfish,0,0,0,1,1,0,0,0,0,0,0,0,0,0,0,0,0,0,1,1,0,0,0,0,0,,,,,,
Nkain3,ENSMUST00000119374,merfish,1,0,0,0,0,0,0,0,1,0,0,0,1,0,0,0,0,0,0,0,1,0,0,0,0,,,,,,
Egfem1,ENSMUST00000119598,merfish,0,1,0,0,0,0,1,0,0,0,1,0,0,0,0,1,0,0,0,0,0,0,0,0,0,,,,,,
Ncald,ENSMUST00000119730,merfish,0,1,0,0,0,1,0,0,0,0,0,0,0,1,0,0,0,0,0,1,0,0,0,0,0,,,,,,
Xkr6,ENSMUST00000119973,merfish,0,1,0,0,0,1,0,0,0,0,1,0,0,0,0,0,0,0,0,0,0,0,1,0,0,,,,,,
Tspan5,ENSMUST00000119993,merfish,0,0,1,0,0,0,0,1,0,0,0,1,0,0,0,0,1,0,0,0,0,0,0,0,0,,,,,,
Frmd5,ENSMUST00000121219,merfish,0,1,0,0,0,0,0,0,0,0,0,1,0,0,0,0,0,0,1,0,1,0,0,0,0,,,,,,
Erbb4,ENSMUST00000121473,merfish,0,0,1,0,0,0,0,0,0,0,0,1,0,0,0,1,0,0,0,1,0,0,0,0,0,,,,,,
Ank1,ENSMUST00000121802,merfish,0,0,0,0,0,0,0,0,0,0,1,0,0,0,0,1,0,0,0,1,0,0,0,0,1,,,,,,
Syt2,ENSMUST00000121990,merfish,0,0,1,0,0,1,0,0,1,0,0,0,0,0,0,0,0,0,1,0,0,0,0,0,0,,,,,,
Tafa1,ENSMUST00000122120,merfish,0,0,0,0,0,0,0,0,0,0,0,1,0,0,0,0,1,0,1,0,0,0,0,1,0,,,,,,
Shisa6,ENSMUST00000123454,merfish,0,0,0,0,0,1,0,1,0,0,0,0,0,0,1,0,0,0,0,0,0,0,0,0,1,,,,,,
Prlr,ENSMUST00000124470,merfish,0,0,0,0,0,0,0,0,1,0,0,0,0,1,0,0,0,1,0,0,0,0,1,0,0,,,,,,
L3mbtl4,ENSMUST00000124543,merfish,0,0,0,0,1,0,0,0,0,0,1,0,0,0,0,0,0,0,1,0,0,0,1,0,0,,,,,,
Col14a1,ENSMUST00000125416,merfish,0,1,0,0,0,0,0,1,0,0,0,0,0,1,0,0,0,0,0,0,1,0,0,0,0,,,,,,
Cdan1,ENSMUST00000126753,merfish,0,1,0,0,0,1,0,1,0,0,0,1,0,0,0,0,0,0,0,0,0,0,0,0,0,,,,,,
Stat3,ENSMUST00000127638,merfish,0,1,0,0,1,0,0,0,0,0,0,0,0,0,0,0,1,0,0,1,0,0,0,0,0,,,,,,
Cdh8,ENSMUST00000128860,merfish,0,0,0,0,1,0,0,1,0,0,0,0,0,0,0,0,0,0,0,1,0,0,1,0,0,,,,,,
Ccbe1,ENSMUST00000130300,merfish,0,0,0,0,0,0,0,0,0,0,1,1,0,0,0,1,1,0,0,0,0,0,0,0,0,,,,,,
Cep112,ENSMUST00000130515,merfish,0,0,0,0,1,0,0,1,0,0,0,0,0,0,0,1,0,0,1,0,0,0,0,0,0,,,,,,
Ntng1,ENSMUST00000133268,merfish,0,0,0,0,0,0,0,0,0,0,0,0,1,0,1,0,0,0,0,0,1,0,1,0,0,,,,,,
Ncor2,ENSMUST00000134819,merfish,0,0,0,1,1,0,1,1,0,0,0,0,0,0,0,0,0,0,0,0,0,0,0,0,0,,,,,,
Cpne5,ENSMUST00000137727,merfish,0,0,0,0,0,1,1,0,1,1,0,0,0,0,0,0,0,0,0,0,0,0,0,0,0,,,,,,
Pou6f2,ENSMUST00000139064,merfish,0,0,0,0,0,0,0,0,0,0,0,0,1,0,0,1,0,0,0,1,0,0,1,0,0,,,,,,
Rgma,ENSMUST00000139780,merfish,1,0,0,0,0,1,0,0,0,0,0,0,0,0,0,1,0,0,0,0,1,0,0,0,0,,,,,,
Dpy19l1,ENSMUST00000142064,merfish,0,0,1,1,0,0,0,0,0,0,0,0,0,0,0,0,0,1,1,0,0,0,0,0,0,,,,,,
Adamts2,ENSMUST00000142118,merfish,1,0,0,0,0,0,0,0,1,0,0,0,0,0,0,0,1,0,0,0,0,1,0,0,0,,,,,,
Nos1,ENSMUST00000142742,merfish,0,0,0,0,0,0,0,0,0,0,0,0,0,0,0,0,0,1,1,0,0,0,1,1,0,,,,,,
Efcab6,ENSMUST00000144169,merfish,0,0,1,1,0,0,0,0,0,0,0,0,0,0,0,0,0,0,0,1,1,0,0,0,0,,,,,,
Dgkk,ENSMUST00000145302,merfish,0,0,0,0,1,0,0,0,0,0,0,0,0,0,1,0,0,0,0,0,0,1,0,1,0,,,,,,
Kcnma1,ENSMUST00000145596,merfish,0,0,0,0,0,1,0,0,0,0,0,0,0,0,0,0,1,0,1,0,1,0,0,0,0,,,,,,
Lsamp,ENSMUST00000145951,merfish,0,0,0,0,0,1,0,0,0,1,0,0,0,0,0,0,0,0,0,1,0,1,0,0,0,,,,,,
Sulf2,ENSMUST00000146497,merfish,0,0,0,0,1,0,0,0,0,0,0,0,0,0,0,0,1,1,1,0,0,0,0,0,0,,,,,,
St18,ENSMUST00000151015,merfish,0,1,0,0,0,0,1,0,1,0,0,0,0,1,0,0,0,0,0,0,0,0,0,0,0,,,,,,
Kcnh1,ENSMUST00000151152,merfish,0,0,0,0,0,0,0,0,0,0,0,0,0,1,1,0,1,1,0,0,0,0,0,0,0,,,,,,
Rasgrf2,ENSMUST00000151408,merfish,1,0,1,0,0,1,0,0,0,0,0,0,0,0,0,0,0,0,0,0,0,0,0,1,0,,,,,,
5730522E02Rik,ENSMUST00000153834,merfish,0,0,0,0,1,0,0,1,0,0,0,1,0,0,1,0,0,0,0,0,0,0,0,0,0,,,,,,
Sphkap,ENSMUST00000159078,merfish,0,0,0,0,0,0,0,0,1,0,0,0,1,0,1,0,0,0,1,0,0,0,0,0,0,,,,,,
Pigk,ENSMUST00000159899,merfish,0,0,0,0,0,1,0,0,0,0,1,0,1,0,0,0,0,1,0,0,0,0,0,0,0,,,,,,
Tbc1d4,ENSMUST00000159951,merfish,0,0,0,0,0,0,1,0,1,0,0,0,0,0,1,0,1,0,0,0,0,0,0,0,0,,,,,,
Pard3,ENSMUST00000160272,merfish,0,0,0,1,0,0,0,0,0,0,1,0,0,0,0,0,0,1,0,0,0,0,0,1,0,,,,,,
Cacna1i,ENSMUST00000160424,merfish,0,0,1,0,0,1,0,0,0,0,0,1,0,0,1,0,0,0,0,0,0,0,0,0,0,,,,,,
Tcerg1l,ENSMUST00000160436,merfish,0,0,0,0,1,0,0,0,0,0,0,1,0,0,0,0,0,0,1,0,0,0,0,0,1,,,,,,
Tmem163,ENSMUST00000160616,merfish,0,0,0,0,0,0,0,0,1,0,0,1,0,0,0,0,0,0,0,1,0,0,1,0,0,,,,,,
Oprk1,ENSMUST00000160777,merfish,0,0,0,0,0,1,0,0,0,0,0,0,1,0,1,0,0,0,0,0,0,1,0,0,0,,,,,,
Hrh1,ENSMUST00000160780,merfish,0,0,0,1,1,0,0,0,0,0,0,0,1,1,0,0,0,0,0,0,0,0,0,0,0,,,,,,
Reln,ENSMUST00000160791,merfish,0,0,0,0,0,0,0,0,0,0,1,0,0,1,0,0,0,1,0,0,1,0,0,0,0,,,,,,
Auts2,ENSMUST00000161226,merfish,0,0,0,0,1,0,0,0,0,1,0,0,0,0,1,0,0,0,0,0,0,0,1,0,0,,,,,,
Arpp21,ENSMUST00000161467,merfish,0,0,0,1,0,0,1,0,0,0,0,0,0,0,0,0,0,0,0,0,1,0,0,1,0,,,,,,
Ctnna2,ENSMUST00000161846,merfish,0,0,0,0,0,0,0,0,0,0,0,0,0,0,1,0,0,0,1,0,1,0,0,0,1,,,,,,
Zmiz1,ENSMUST00000162645,merfish,0,0,0,0,0,1,0,0,1,0,0,0,0,0,0,0,1,0,0,1,0,0,0,0,0,,,,,,
Pde8b,ENSMUST00000162670,merfish,0,0,0,0,0,0,0,0,1,0,0,0,0,0,0,0,0,0,0,1,0,1,0,1,0,,,,,,
Lmo3,ENSMUST00000162772,merfish,0,0,0,0,0,0,0,0,1,0,1,0,1,0,0,0,0,0,0,0,0,0,0,1,0,,,,,,
Lypd1,ENSMUST00000162899,merfish,0,0,0,1,0,0,0,0,1,0,0,0,0,0,1,0,0,0,0,1,0,0,0,0,0,,,,,,
Lrrc3b,ENSMUST00000163937,merfish,0,0,0,0,0,0,0,0,0,1,0,0,1,0,1,0,0,1,0,0,0,0,0,0,0,,,,,,
Lingo2,ENSMUST00000164772,merfish,1,0,0,0,0,0,0,0,1,0,0,1,0,0,0,0,0,0,0,0,0,0,0,1,0,,,,,,
Cdk6,ENSMUST00000165117,merfish,0,1,0,1,0,0,0,1,0,0,0,0,0,0,0,0,0,0,0,0,0,0,0,1,0,,,,,,
Trps1,ENSMUST00000165201,merfish,1,0,0,1,0,0,0,0,0,0,0,0,0,1,0,0,0,0,0,0,0,0,0,1,0,,,,,,
Rfx3,ENSMUST00000165566,merfish,0,0,0,0,0,0,0,1,0,0,0,1,0,1,0,0,0,1,0,0,0,0,0,0,0,,,,,,
Ctbp2,ENSMUST00000166439,merfish,0,0,0,0,0,0,0,0,0,0,1,0,0,1,0,1,0,0,1,0,0,0,0,0,0,,,,,,
Ptprk,ENSMUST00000166468,merfish,0,0,0,1,0,0,0,0,0,0,0,0,1,0,0,0,1,0,0,0,1,0,0,0,0,,,,,,
Brinp3,ENSMUST00000166814,merfish,1,0,0,0,0,0,0,0,1,0,0,0,0,1,0,0,0,0,1,0,0,0,0,0,0,,,,,,
Nrg3,ENSMUST00000166968,merfish,0,0,1,0,0,0,1,0,1,0,0,0,1,0,0,0,0,0,0,0,0,0,0,0,0,,,,,,
Ptpro,ENSMUST00000167679,merfish,0,0,0,0,0,0,1,0,0,0,1,0,0,0,1,0,0,0,0,0,0,0,0,1,0,,,,,,
Spats2l,ENSMUST00000167971,merfish,0,0,1,0,0,0,1,0,0,0,0,1,0,0,0,0,0,0,0,0,0,0,0,1,0,,,,,,
Rasgef1b,ENSMUST00000168092,merfish,0,0,0,0,0,0,0,1,1,1,0,0,0,0,0,0,0,0,0,0,0,1,0,0,0,,,,,,
Adgrl2,ENSMUST00000168352,merfish,0,0,0,0,0,1,0,0,0,0,0,0,0,1,0,0,0,0,0,0,1,0,0,0,1,,,,,,
Hs3st5,ENSMUST00000168572,merfish,1,0,0,0,0,0,0,1,0,0,0,0,0,0,1,0,0,0,0,0,1,0,0,0,0,,,,,,
Pid1,ENSMUST00000168574,merfish,0,0,0,0,0,0,0,0,0,0,0,0,0,0,1,1,0,0,0,1,1,0,0,0,0,,,,,,
Unc5d,ENSMUST00000168630,merfish,1,1,0,0,0,0,0,0,0,0,0,0,0,0,0,1,1,0,0,0,0,0,0,0,0,,,,,,
Btbd9,ENSMUST00000168787,merfish,1,0,0,1,0,0,0,0,0,0,0,1,0,0,1,0,0,0,0,0,0,0,0,0,0,,,,,,
Cbln2,ENSMUST00000169470,merfish,0,0,0,1,0,0,0,0,0,0,0,1,0,0,0,0,1,0,0,0,0,1,0,0,0,,,,,,
Satb1,ENSMUST00000169480,merfish,0,0,0,0,0,0,0,0,1,0,0,0,0,1,0,1,0,0,0,0,1,0,0,0,0,,,,,,
Ebf3,ENSMUST00000169486,merfish,0,0,1,1,0,0,0,1,1,0,0,0,0,0,0,0,0,0,0,0,0,0,0,0,0,,,,,,
Kcnb2,ENSMUST00000170146,merfish,0,0,0,0,0,0,0,0,0,0,0,1,1,0,0,0,0,0,1,1,0,0,0,0,0,,,,,,
Celf2,ENSMUST00000170438,merfish,0,0,0,0,0,1,1,1,0,0,0,0,0,0,0,0,0,0,0,1,0,0,0,0,0,,,,,,
Schip1,ENSMUST00000170788,merfish,0,0,0,0,1,0,0,0,0,0,0,0,0,1,0,1,0,0,0,0,0,0,0,0,1,,,,,,
Bach2,ENSMUST00000171600,merfish,0,1,0,0,0,0,0,0,0,0,0,0,0,1,0,0,0,0,1,0,0,0,1,0,0,,,,,,
Chrm2,ENSMUST00000172278,merfish,0,0,0,0,0,0,0,0,0,0,0,0,0,0,0,1,1,0,1,1,0,0,0,0,0,,,,,,
Thsd7a,ENSMUST00000172356,merfish,1,1,0,0,0,0,0,0,0,0,0,0,0,0,0,0,0,0,0,0,0,1,1,0,0,,,,,,
Dnmt3a,ENSMUST00000172913,merfish,0,1,0,0,0,1,0,0,1,0,0,0,0,0,0,0,0,0,0,0,0,0,0,0,1,,,,,,
Grm7,ENSMUST00000172951,merfish,0,0,1,0,0,1,0,0,0,0,0,0,0,0,0,0,0,0,0,1,0,0,1,0,0,,,,,,
Jarid2,ENSMUST00000173246,merfish,0,0,1,0,0,0,0,0,0,0,1,0,0,0,1,0,0,0,0,0,0,0,1,0,0,,,,,,
Ptger3,ENSMUST00000173533,merfish,0,1,0,0,1,0,0,0,0,0,0,0,1,0,0,1,0,0,0,0,0,0,0,0,0,,,,,,
Ndst4,ENSMUST00000173932,merfish,1,0,0,1,0,0,0,0,0,0,0,0,0,0,0,1,0,0,1,0,0,0,0,0,0,,,,,,
Grp,ENSMUST00000173985,merfish,0,0,1,0,0,0,0,1,0,0,0,0,1,0,0,0,0,0,0,0,1,0,0,0,0,,,,,,
Prox1,ENSMUST00000175916,merfish,0,0,0,0,0,0,0,0,0,0,0,0,0,0,0,0,0,0,0,1,1,0,1,1,0,,,,,,
Onecut2,ENSMUST00000175965,merfish,0,0,0,0,0,0,1,0,0,0,1,0,1,0,0,0,1,0,0,0,0,0,0,0,0,,,,,,
Zeb2,ENSMUST00000176438,merfish,0,0,0,0,0,0,1,0,0,0,0,1,0,1,0,0,0,0,1,0,0,0,0,0,0,,,,,,
Cux1,ENSMUST00000176745,merfish,0,0,0,1,0,0,0,0,0,1,0,0,0,0,0,0,0,1,0,0,0,1,0,0,0,,,,,,
Satb2,ENSMUST00000177424,merfish,0,1,1,0,0,0,1,1,0,0,0,0,0,0,0,0,0,0,0,0,0,0,0,0,0,,,,,,
Tunar,ENSMUST00000180458,merfish,0,0,0,0,0,0,0,1,0,1,0,0,0,0,0,0,0,0,1,0,0,0,0,0,1,,,,,,
Ano4,ENSMUST00000182341,merfish,0,1,1,0,0,0,0,0,0,0,1,1,0,0,0,0,0,0,0,0,0,0,0,0,0,,,,,,
Sipa1l3,ENSMUST00000183096,merfish,0,1,0,0,1,0,0,1,0,0,0,0,0,0,0,0,0,1,0,0,0,0,0,0,0,,,,,,
6530403H02Rik,ENSMUST00000183276,merfish,0,0,0,1,1,1,0,0,0,0,0,0,0,0,0,0,0,1,0,0,0,0,0,0,0,,,,,,
Unc13c,ENSMUST00000184666,merfish,0,0,0,1,0,0,0,0,0,0,0,0,0,0,1,0,1,0,1,0,0,0,0,0,0,,,,,,
Spock1,ENSMUST00000185502,merfish,0,0,1,0,0,0,0,0,0,0,0,0,0,1,0,1,0,1,0,0,0,0,0,0,0,,,,,,
Sulf1,ENSMUST00000185780,merfish,0,0,0,0,0,0,0,0,0,0,0,0,0,0,1,1,0,1,1,0,0,0,0,0,0,,,,,,
Rgs6,ENSMUST00000186458,merfish,0,0,0,1,0,0,0,0,0,1,0,0,0,0,0,0,0,0,1,0,1,0,0,0,0,,,,,,
Chrm3,ENSMUST00000187510,merfish,0,0,0,0,0,0,0,0,0,1,0,0,0,1,0,1,0,0,0,1,0,0,0,0,0,,,,,,
Slco5a1,ENSMUST00000188454,merfish,0,0,0,0,1,0,0,0,0,1,0,0,0,0,0,0,0,0,0,1,0,0,0,0,1,,,,,,
Cntnap5b,ENSMUST00000188735,merfish,1,0,0,0,0,1,0,0,0,0,0,0,0,0,0,0,0,0,0,1,0,0,0,0,1,,,,,,
Lama3,ENSMUST00000188815,merfish,0,0,0,0,0,0,0,0,0,0,0,0,1,0,0,1,0,1,0,0,1,0,0,0,0,,,,,,
Kirrel3,ENSMUST00000188933,merfish,0,1,0,0,0,0,0,0,0,0,0,0,0,0,0,0,0,0,0,1,0,0,1,0,1,,,,,,
Pcdh7,ENSMUST00000191837,merfish,1,0,0,0,0,0,0,1,0,0,0,0,0,0,0,0,0,1,0,0,0,0,0,0,1,,,,,,
Pcdh15,ENSMUST00000191854,merfish,0,1,0,0,0,0,0,0,0,0,0,1,0,1,0,0,0,0,0,0,0,0,0,1,0,,,,,,
Tnr,ENSMUST00000192069,merfish,0,0,0,1,1,0,0,0,0,0,0,0,0,0,0,0,0,0,0,0,1,1,0,0,0,,,,,,
Rgs7,ENSMUST00000195324,merfish,0,0,1,0,0,0,1,0,0,0,0,0,0,1,0,0,0,0,0,0,0,1,0,0,0,,,,,,
Lhfpl3,ENSMUST00000197992,merfish,1,0,0,0,0,0,0,0,0,0,1,0,0,0,0,0,0,1,0,1,0,0,0,0,0,,,,,,
Gm30382,ENSMUST00000199503,merfish,0,0,0,0,0,0,0,1,0,0,0,0,0,1,0,0,0,0,0,0,0,0,1,0,1,,,,,,
Gtf2ird1,ENSMUST00000202104,merfish,0,0,0,0,0,0,1,0,0,1,0,0,0,0,0,1,0,0,1,0,0,0,0,0,0,,,,,,
Ptprz1,ENSMUST00000202579,merfish,0,0,0,0,0,0,1,0,0,0,0,1,0,0,0,0,0,1,0,0,0,0,1,0,0,,,,,,
Itpr1,ENSMUST00000203615,merfish,0,0,0,0,0,0,0,0,0,1,0,0,1,0,0,0,1,0,0,1,0,0,0,0,0,,,,,,
Pparg,ENSMUST00000203732,merfish,0,0,0,0,0,0,1,0,0,0,1,0,0,0,0,0,0,0,0,0,1,0,1,0,0,,,,,,
Syn2,ENSMUST00000204617,merfish,0,0,0,0,0,0,0,0,0,1,0,0,0,0,0,0,0,0,0,0,0,1,1,1,0,,,,,,
Sox6,ENSMUST00000206034,merfish,0,0,0,0,0,0,0,0,1,0,0,1,0,0,1,0,0,0,0,0,0,0,0,0,1,,,,,,
B130024G19Rik,ENSMUST00000207952,merfish,0,0,0,1,0,0,0,0,1,0,0,0,1,0,0,0,0,1,0,0,0,0,0,0,0,,,,,,
Gm44821,ENSMUST00000208212,merfish,0,0,0,0,0,0,0,0,0,0,0,0,0,1,1,0,0,0,1,1,0,0,0,0,0,,,,,,
Ryr3,ENSMUST00000208290,merfish,0,0,1,0,1,0,0,0,0,0,0,0,0,0,0,0,0,0,0,0,1,0,1,0,0,,,,,,
Ankfn1,ENSMUST00000208932,merfish,1,1,0,0,0,0,0,0,0,0,0,1,1,0,0,0,0,0,0,0,0,0,0,0,0,,,,,,
Sorcs1,ENSMUST00000211687,merfish,0,0,0,1,0,0,0,1,0,0,0,0,0,0,1,0,0,0,0,0,0,0,1,0,0,,,,,,
Epb41,ENSMUST00000212761,merfish,0,1,1,1,0,0,0,0,0,0,0,0,0,0,0,1,0,0,0,0,0,0,0,0,0,,,,,,
Vps13c,ENSMUST00000213168,merfish,1,0,0,0,0,0,0,1,0,0,0,0,0,0,0,1,0,0,0,0,0,0,1,0,0,,,,,,
Cyp19a1,ENSMUST00000216974,merfish,0,0,1,0,1,0,0,0,0,0,0,0,0,1,0,0,0,0,0,1,0,0,0,0,0,,,,,,
Fat3,ENSMUST00000217187,merfish,0,0,0,0,0,0,0,1,0,0,0,0,0,0,1,0,1,0,0,0,0,0,0,1,0,,,,,,
Kcns3,ENSMUST00000217974,merfish,0,0,0,1,0,1,0,0,0,0,0,0,0,0,0,1,0,0,0,1,0,0,0,0,0,,,,,,
Rmst,ENSMUST00000218060,merfish,0,0,0,0,0,0,0,0,0,0,0,0,0,0,0,1,1,0,0,0,0,0,1,1,0,,,,,,
Tafa2,ENSMUST00000219723,merfish,0,1,0,0,0,0,0,0,0,1,0,0,0,0,1,0,0,0,0,1,0,0,0,0,0,,,,,,
Hivep1,ENSMUST00000220525,merfish,0,0,1,0,0,0,0,0,0,0,0,0,1,0,0,0,0,0,0,1,0,1,0,0,0,,,,,,
Csmd2,ENSMUST00000221199,merfish,0,0,0,1,0,0,0,0,0,1,0,0,0,0,0,1,0,0,0,0,0,0,1,0,0,,,,,,
Rapgef5,ENSMUST00000222185,merfish,0,0,0,0,1,1,0,0,0,0,0,0,0,1,1,0,0,0,0,0,0,0,0,0,0,,,,,,
Pnoc,ENSMUST00000224594,merfish,0,1,0,0,0,0,0,0,0,0,0,0,0,1,0,0,1,0,0,0,0,0,0,0,1,,,,,,
Cables1,ENSMUST00000225430,merfish,0,0,1,0,0,0,0,0,0,1,0,0,0,0,0,0,1,0,0,0,0,0,1,0,0,,,,,,
Cdh12,ENSMUST00000227496,merfish,0,0,0,1,0,0,0,0,0,0,0,0,1,0,1,0,0,0,0,0,0,0,0,1,0,,,,,,
Grik1,ENSMUST00000228188,merfish,1,0,0,1,0,1,0,0,1,0,0,0,0,0,0,0,0,0,0,0,0,0,0,0,0,,,,,,
Cdh9,ENSMUST00000228307,merfish,0,0,0,0,1,0,0,0,0,0,0,1,0,1,0,0,0,0,0,0,1,0,0,0,0,,,,,,
St3gal1,ENSMUST00000229028,merfish,0,0,0,0,1,1,0,0,0,1,1,0,0,0,0,0,0,0,0,0,0,0,0,0,0,,,,,,
Khdrbs3,ENSMUST00000230073,merfish,0,0,0,0,1,0,1,0,0,0,0,0,0,0,0,0,0,0,0,0,0,0,1,0,1,,,,,,
Robo1,ENSMUST00000232205,merfish,1,0,0,0,0,0,0,0,0,0,0,0,0,0,0,0,0,0,1,0,0,1,0,1,0,,,,,,
Dscam,ENSMUST00000232829,merfish,0,0,0,0,0,0,0,0,0,0,0,1,1,0,1,1,0,0,0,0,0,0,0,0,0,,,,,,
Aff3,ENSMUST00000238906,merfish,0,0,0,0,0,0,0,0,0,0,0,0,0,0,0,0,1,1,0,0,0,0,0,1,1,,,,,,
Blank-1,Blank-1,merfish,0,0,0,0,0,0,1,0,1,0,1,0,0,0,0,0,0,0,0,0,0,1,0,0,0,,,,,,
Blank-2,Blank-2,merfish,0,0,0,0,0,0,0,0,0,1,0,0,0,0,0,0,0,0,0,0,1,0,1,0,1,,,,,,
Blank-3,Blank-3,merfish,0,0,1,0,0,0,0,1,0,1,0,0,0,0,1,0,0,0,0,0,0,0,0,0,0,,,,,,
Blank-4,Blank-4,merfish,0,1,0,1,0,0,0,0,1,0,0,0,0,0,0,0,0,0,0,0,0,0,1,0,0,,,,,,
Blank-5,Blank-5,merfish,0,0,0,0,1,0,0,0,0,1,0,0,0,0,0,1,0,0,0,0,1,0,0,0,0,,,,,,
Blank-6,Blank-6,merfish,0,0,0,0,0,0,1,1,0,0,0,0,0,0,0,1,1,0,0,0,0,0,0,0,0,,,,,,
Blank-7,Blank-7,merfish,0,0,0,0,0,0,1,0,1,0,0,0,0,0,0,0,0,1,0,0,0,0,0,1,0,,,,,,
Blank-8,Blank-8,merfish,0,0,0,0,0,0,0,0,0,0,0,0,1,0,0,0,1,0,1,0,0,0,1,0,0,,,,,,
Blank-9,Blank-9,merfish,0,1,0,0,1,0,0,0,0,0,0,0,0,0,0,0,0,0,1,0,0,1,0,0,0,,,,,,
Blank-10,Blank-10,merfish,0,0,0,0,1,0,0,1,0,1,0,0,1,0,0,0,0,0,0,0,0,0,0,0,0,,,,,,
Blank-11,Blank-11,merfish,0,0,0,0,0,1,0,0,1,0,0,0,1,0,0,1,0,0,0,0,0,0,0,0,0,,,,,,
Blank-12,Blank-12,merfish,0,0,0,0,0,0,1,0,0,0,0,0,0,0,0,0,0,1,0,1,0,1,0,0,0,,,,,,
Blank-13,Blank-13,merfish,1,0,1,0,1,0,0,0,0,0,0,0,0,0,0,1,0,0,0,0,0,0,0,0,0,,,,,,
Blank-14,Blank-14,merfish,1,1,0,0,0,0,0,1,1,0,0,0,0,0,0,0,0,0,0,0,0,0,0,0,0,,,,,,
Blank-15,Blank-15,merfish,0,0,0,1,0,0,0,0,0,1,0,0,0,0,0,0,1,0,0,0,0,0,0,1,0,,,,,,
Blank-16,Blank-16,merfish,0,0,0,0,1,0,1,0,0,0,0,0,1,0,1,0,0,0,0,0,0,0,0,0,0,,,,,,
Blank-17,Blank-17,merfish,1,0,0,0,0,0,0,0,0,1,0,0,0,0,0,0,0,0,1,0,0,0,1,0,0,,,,,,
Blank-18,Blank-18,merfish,0,0,0,0,0,0,0,0,1,1,0,0,0,0,0,0,0,1,1,0,0,0,0,0,0,,,,,,
Blank-19,Blank-19,merfish,0,0,0,0,0,0,0,0,0,0,0,0,0,0,1,1,0,0,0,0,0,1,1,0,0,,,,,,
Blank-20,Blank-20,merfish,0,0,0,0,0,0,0,0,0,0,0,0,1,1,0,0,0,0,0,0,0,0,0,1,1,,,,,,
Blank-21,Blank-21,merfish,0,0,0,0,0,0,1,0,0,0,1,0,0,0,0,0,0,0,1,0,0,0,0,0,1,,,,,,
Blank-22,Blank-22,merfish,1,0,0,0,1,0,1,0,0,0,1,0,0,0,0,0,0,0,0,0,0,0,0,0,0,,,,,,
Blank-23,Blank-23,merfish,1,0,0,0,0,0,0,0,0,1,0,0,0,1,0,0,0,1,0,0,0,0,0,0,0,,,,,,
Blank-24,Blank-24,merfish,0,0,0,0,0,0,0,1,0,0,0,0,1,0,1,0,0,0,0,1,0,0,0,0,0,,,,,,
Blank-25,Blank-25,merfish,0,0,1,0,0,0,0,0,0,0,0,0,0,0,0,0,1,0,0,0,0,1,0,1,0,,,,,,
Blank-26,Blank-26,merfish,0,0,0,1,0,1,0,0,0,0,0,1,0,1,0,0,0,0,0,0,0,0,0,0,0,,,,,,
Blank-27,Blank-27,merfish,0,0,0,0,0,1,0,0,0,0,0,0,0,0,1,0,0,0,1,0,0,0,1,0,0,,,,,,
Blank-28,Blank-28,merfish,0,0,0,0,0,0,1,1,0,0,0,1,1,0,0,0,0,0,0,0,0,0,0,0,0,,,,,,
Blank-29,Blank-29,merfish,0,1,0,0,0,0,1,0,0,0,0,0,0,0,0,0,1,0,0,0,0,1,0,0,0,,,,,,
Blank-30,Blank-30,merfish,0,0,1,0,0,0,0,0,1,0,0,0,0,0,0,0,1,0,0,0,1,0,0,0,0,,,,,,
Blank-31,Blank-31,merfish,0,0,0,1,0,0,0,0,0,0,1,0,1,0,0,0,0,0,0,1,0,0,0,0,0,,,,,,
Blank-32,Blank-32,merfish,0,0,1,0,1,0,0,0,0,0,0,1,0,0,0,0,0,0,0,0,0,1,0,0,0,,,,,,
Blank-33,Blank-33,merfish,0,0,0,0,1,1,0,1,1,0,0,0,0,0,0,0,0,0,0,0,0,0,0,0,0,,,,,,
Blank-34,Blank-34,merfish,0,0,0,0,1,0,0,0,0,1,0,0,0,1,0,0,0,0,1,0,0,0,0,0,0,,,,,,
Blank-35,Blank-35,merfish,0,0,1,0,1,0,0,0,0,1,0,0,0,0,0,0,0,0,0,0,0,0,0,1,0,,,,,,
Blank-36,Blank-36,merfish,0,0,0,0,0,0,1,1,0,0,0,0,0,0,0,0,0,0,0,0,0,0,0,1,1,,,,,,
Blank-37,Blank-37,merfish,0,1,0,0,0,0,0,0,0,0,0,0,0,0,0,0,0,1,0,0,1,0,0,0,1,,,,,,
Blank-38,Blank-38,merfish,0,0,1,0,0,0,0,0,1,0,0,0,0,0,0,1,0,0,0,0,0,0,1,0,0,,,,,,
Blank-39,Blank-39,merfish,0,0,0,0,0,0,0,0,0,0,0,0,1,1,0,0,0,0,0,1,1,0,0,0,0,,,,,,
Blank-40,Blank-40,merfish,0,0,0,0,0,1,0,0,0,0,0,0,0,0,0,0,0,1,1,1,0,0,0,0,0,,,,,,
Blank-41,Blank-41,merfish,0,0,0,0,0,0,1,0,0,1,0,0,0,0,0,0,0,0,0,0,0,1,0,0,1,,,,,,
Blank-42,Blank-42,merfish,0,0,0,0,0,0,1,0,0,0,0,0,1,0,0,0,0,0,0,0,0,1,0,1,0,,,,,,
Blank-43,Blank-43,merfish,0,0,1,1,0,0,0,0,0,0,0,0,0,0,0,0,0,0,0,0,0,1,1,0,0,,,,,,
Blank-44,Blank-44,merfish,0,0,0,1,0,0,0,1,0,0,0,1,0,0,0,0,0,0,0,0,1,0,0,0,0,,,,,,
Blank-45,Blank-45,merfish,0,0,0,1,1,0,0,0,0,0,1,1,0,0,0,0,0,0,0,0,0,0,0,0,0,,,,,,
Blank-46,Blank-46,merfish,0,0,0,0,1,0,0,0,0,0,1,0,0,0,0,0,1,0,0,0,0,0,0,1,0,,,,,,
Blank-47,Blank-47,merfish,0,0,1,0,0,1,0,1,0,0,1,0,0,0,0,0,0,0,0,0,0,0,0,0,0,,,,,,
Blank-48,Blank-48,merfish,0,1,0,0,0,0,0,1,0,0,0,0,0,0,1,0,0,0,0,0,0,1,0,0,0,,,,,,
Blank-49,Blank-49,merfish,0,0,0,0,0,0,0,0,0,0,0,0,0,0,1,1,0,0,0,0,0,0,0,1,1,,,,,,
Blank-50,Blank-50,merfish,0,0,0,0,0,0,0,0,0,1,1,0,1,1,0,0,0,0,0,0,0,0,0,0,0,,,,,,
Blank-51,Blank-51,merfish,0,1,1,0,0,0,0,0,0,0,0,0,0,0,0,0,0,0,0,0,0,0,1,1,0,,,,,,
Blank-52,Blank-52,merfish,1,0,0,0,0,0,0,0,0,0,0,0,0,0,0,0,1,0,0,1,0,0,0,1,0,,,,,,
Blank-53,Blank-53,merfish,0,0,0,0,0,0,0,0,0,1,0,1,0,1,0,0,0,0,0,0,0,0,0,0,1,,,,,,
Blank-54,Blank-54,merfish,0,0,0,0,0,0,0,0,0,0,0,0,1,0,0,0,0,1,0,1,0,0,0,0,1,,,,,,
Blank-55,Blank-55,merfish,0,1,0,0,0,0,0,0,0,0,0,1,0,0,1,0,0,1,0,0,0,0,0,0,0,,,,,,
Blank-56,Blank-56,merfish,0,0,0,0,0,0,0,0,0,0,0,0,0,0,0,0,0,0,0,0,1,1,0,1,1,,,,,,
Snap25,ENSMUST00000028727,sequential,,,,,,,,,,,,,,,,,,,,,,,,,,0,1,0,0,0,0
Mbp,ENSMUST00000133193,sequential,,,,,,,,,,,,,,,,,,,,,,,,,,0,0,0,0,0,1
